com.samsung.shealth.sleep,6293007,8
original_efficiency,mental_recovery,factor_01,factor_02,factor_03,factor_04,factor_05,factor_06,factor_07,factor_08,factor_09,factor_10,integrated_id,has_sleep_data,bedtime_detection_delay,wakeup_time_detection_delay,total_rem_duration,combined_id,sleep_type,sleep_latency,data_version,physical_recovery,original_wake_up_time,movement_awakening,is_integrated,original_bed_time,goal_bed_time,quality,extra_data,goal_wake_up_time,sleep_cycle,total_light_duration,efficiency,sleep_score,sleep_duration,stage_analyzed_type,com.samsung.health.sleep.create_sh_ver,com.samsung.health.sleep.start_time,com.samsung.health.sleep.custom,com.samsung.health.sleep.modify_sh_ver,com.samsung.health.sleep.update_time,com.samsung.health.sleep.create_time,com.samsung.health.sleep.time_offset,com.samsung.health.sleep.deviceuuid,com.samsung.health.sleep.comment,com.samsung.health.sleep.pkg_name,com.samsung.health.sleep.end_time,com.samsung.health.sleep.datauuid
,78.0,20,36,22,7,45,585,160,1,28,0,,0,,,,,-1,,7,70.0,,26.0,,,,,30f68a6d-49c1-44cc-a18e-ed13b1945dee.extra_data.json,,5,,92.0,73,585,,62600630,2024-01-03 20:20:00.000,,62600630,2024-01-04 06:05:58.700,2024-01-04 06:05:24.207,UTC+0000,wFVf8Jbtp/,,com.sec.android.app.shealth,2024-01-04 06:05:00.000,30f68a6d-49c1-44cc-a18e-ed13b1945dee,
,76.0,27,55,2,4,27,449,65,1,12,0,,0,,,,,-1,,7,74.0,2024-01-05 06:05:00.000,12.0,,2024-01-04 22:16:00.000,,,a818181b-8fbf-44e6-8b83-c0b492001c6f.extra_data.json,,4,,93.0,87,449,,62600630,2024-01-04 22:16:00.000,,62600630,2024-01-05 06:29:17.504,2024-01-05 06:29:07.156,UTC+0000,wFVf8Jbtp/,,com.sec.android.app.shealth,2024-01-05 05:45:00.000,a818181b-8fbf-44e6-8b83-c0b492001c6f,
,63.0,0,47,10,22,62,602,86,1,38,0,,0,,,,,-1,,7,68.0,2024-01-06 07:12:00.000,28.0,,2024-01-05 21:06:00.000,,,73b5912f-bb83-47ef-8357-8264353056ef.extra_data.json,,5,,89.0,58,602,,62600630,2024-01-05 21:06:00.000,,62600630,2024-01-06 07:12:36.745,2024-01-06 07:12:26.311,UTC+0000,wFVf8Jbtp/,,com.sec.android.app.shealth,2024-01-06 07:08:00.000,73b5912f-bb83-47ef-8357-8264353056ef,
,83.0,24,45,0,2,11,291,68,0,0,0,,0,,,,,-1,,7,59.0,2024-01-07 05:33:00.000,4.0,,2024-01-07 00:38:00.000,,,dca2aabd-4e07-4df1-899d-e132c9d44d26.extra_data.json,,3,,96.0,75,291,,62600630,2024-01-07 00:38:00.000,,62600630,2024-01-07 05:33:08.206,2024-01-07 05:33:00.936,UTC+0000,wFVf8Jbtp/,,com.sec.android.app.shealth,2024-01-07 05:29:00.000,dca2aabd-4e07-4df1-899d-e132c9d44d26,
,87.0,8,61,2,3,16,504,94,0,0,0,,0,,,,,-1,,7,66.0,2024-01-08 06:01:00.000,5.0,,2024-01-07 21:03:00.000,,,7b914c72-fa34-460e-9d8d-e51a8ba6da7a.extra_data.json,,4,,96.0,92,504,,62600630,2024-01-07 21:03:00.000,,62600630,2024-01-08 06:18:33.647,2024-01-08 06:18:21.558,UTC+0000,wFVf8Jbtp/,,com.sec.android.app.shealth,2024-01-08 05:27:00.000,7b914c72-fa34-460e-9d8d-e51a8ba6da7a,
,78.0,14,14,2,2,6,159,84,0,0,0,,0,,,,,-1,,7,31.0,2024-01-08 14:10:00.000,6.0,,2024-01-08 11:25:00.000,,,27aefc41-e310-4956-a221-5e1d5c3359e3.extra_data.json,,2,,96.0,58,159,,62600630,2024-01-08 11:25:00.000,,62600630,2024-01-08 14:10:11.700,2024-01-08 14:10:04.754,UTC+0000,wFVf8Jbtp/,,com.sec.android.app.shealth,2024-01-08 14:04:00.000,27aefc41-e310-4956-a221-5e1d5c3359e3,
,86.0,38,49,3,4,12,293,98,0,3,0,,0,,,,5d233f36-711b-45f8-8888-f26ec4d5270f,-1,,7,62.0,2024-01-09 03:58:00.000,8.0,,2024-01-08 22:46:00.000,,,d90d31b9-309c-4380-aecd-5a58fe17a89f.extra_data.json,,4,,95.0,75,293,,62600630,2024-01-08 22:46:00.000,,62600630,2024-01-09 06:55:30.043,2024-01-09 04:22:37.149,UTC+0000,wFVf8Jbtp/,,com.sec.android.app.shealth,2024-01-09 03:39:00.000,d90d31b9-309c-4380-aecd-5a58fe17a89f,
,61.0,27,27,0,4,6,108,80,1,4,0,,0,,,,5d233f36-711b-45f8-8888-f26ec4d5270f,-1,,7,49.0,2024-01-09 06:31:00.000,9.0,,2024-01-09 04:24:00.000,,,3d465c9c-59e0-478b-9c34-2508623f7ccf.extra_data.json,,1,,94.0,59,108,,62600630,2024-01-09 04:24:00.000,,62600630,2024-01-09 06:55:30.115,2024-01-09 06:55:25.180,UTC+0000,wFVf8Jbtp/,,com.sec.android.app.shealth,2024-01-09 06:12:00.000,3d465c9c-59e0-478b-9c34-2508623f7ccf,
,87.0,52,73,0,3,14,385,108,0,4,0,,0,,,,,-1,,7,77.0,2024-01-13 07:08:00.000,5.0,,2024-01-13 00:01:00.000,,,1316acdf-a0fc-4853-92aa-75a699e158c4.extra_data.json,,4,,96.0,94,385,,62600630,2024-01-13 00:01:00.000,,62600630,2024-01-13 07:34:48.550,2024-01-13 07:34:41.202,UTC+0000,wFVf8Jbtp/,,com.sec.android.app.shealth,2024-01-13 06:26:00.000,1316acdf-a0fc-4853-92aa-75a699e158c4,
,70.0,0,20,0,0,0,64,0,0,0,0,,0,,,,,-1,,7,38.0,,0.0,,,,,2537b15c-a0d0-4600-b7d3-1a1c24b3f51c.extra_data.json,,0,,100.0,47,64,,62600630,2024-01-09 10:01:00.000,,62600630,2024-01-09 11:05:37.337,2024-01-09 11:05:33.219,UTC+0000,wFVf8Jbtp/,,com.sec.android.app.shealth,2024-01-09 11:05:00.000,2537b15c-a0d0-4600-b7d3-1a1c24b3f51c,
,70.0,0,5,0,0,6,66,0,0,0,0,,0,,,,,-1,,7,14.0,2024-01-09 17:08:00.000,9.0,,2024-01-09 15:49:00.000,,,68cc3f12-957c-4576-90f6-2c24cd5b3e13.extra_data.json,,0,,90.0,41,66,,62600630,2024-01-09 15:49:00.000,,62600630,2024-01-09 17:18:43.697,2024-01-09 17:18:41.136,UTC+0000,wFVf8Jbtp/,,com.sec.android.app.shealth,2024-01-09 16:55:00.000,68cc3f12-957c-4576-90f6-2c24cd5b3e13,
,84.0,61,72,4,6,18,457,175,0,0,0,,0,,,,,-1,,7,75.0,2024-01-10 07:35:00.000,6.0,,2024-01-09 23:41:00.000,,,733f773b-57d4-4c9c-9a6e-a128ffa4e536.extra_data.json,,4,,96.0,96,457,,62600630,2024-01-09 23:41:00.000,,62600630,2024-01-10 07:45:27.238,2024-01-10 07:45:18.156,UTC+0000,wFVf8Jbtp/,,com.sec.android.app.shealth,2024-01-10 07:18:00.000,733f773b-57d4-4c9c-9a6e-a128ffa4e536,
,68.0,30,30,1,12,25,463,110,2,9,0,,0,,,,,-1,,7,64.0,,8.0,,,,,e6e2afdd-eb90-46d3-82b1-ad03cfc9804f.extra_data.json,,6,,94.0,89,463,,62600630,2024-01-10 22:29:00.000,,62600630,2024-01-11 06:14:00.018,2024-01-11 06:12:47.697,UTC+0000,wFVf8Jbtp/,,com.sec.android.app.shealth,2024-01-11 06:12:00.000,e6e2afdd-eb90-46d3-82b1-ad03cfc9804f,
,70.0,0,6,0,0,15,76,0,0,14,0,,0,,,,,-1,,7,15.0,,38.0,,,,,18bee5f2-bd63-4103-91df-aa6769bd95f3.extra_data.json,,0,,80.0,36,76,,62600630,2024-01-11 09:37:00.000,,62600630,2024-01-11 10:58:15.706,2024-01-11 10:58:11.218,UTC+0000,wFVf8Jbtp/,,com.sec.android.app.shealth,2024-01-11 10:53:00.000,18bee5f2-bd63-4103-91df-aa6769bd95f3,
,85.0,20,69,1,5,15,414,66,0,0,0,,0,,,,,-1,,7,70.0,2024-01-12 06:45:00.000,5.0,,2024-01-11 23:30:00.000,,,5f4b0477-81da-4fca-8397-f49c735feb83.extra_data.json,,4,,96.0,94,414,,62600630,2024-01-11 23:30:00.000,,62600630,2024-01-12 07:15:51.973,2024-01-12 07:15:43.174,UTC+0000,wFVf8Jbtp/,,com.sec.android.app.shealth,2024-01-12 06:24:00.000,5f4b0477-81da-4fca-8397-f49c735feb83,
,80.0,57,60,3,5,20,461,185,0,7,0,,0,,,,,-1,,7,71.0,2024-01-14 07:30:00.000,7.0,,2024-01-13 23:31:00.000,,,6ec964ec-339d-4c39-92e8-17f3d871f69e.extra_data.json,,3,,95.0,95,461,,62600630,2024-01-13 23:31:00.000,,62600630,2024-01-14 07:55:40.503,2024-01-14 07:55:27.182,UTC+0000,wFVf8Jbtp/,,com.sec.android.app.shealth,2024-01-14 07:12:00.000,6ec964ec-339d-4c39-92e8-17f3d871f69e,
,88.0,42,63,0,7,64,555,77,0,48,0,,0,,,,,3,,7,89.0,,20.0,,,,,009cc893-006f-4555-9837-ac1605a76a26.extra_data.json,,5,,88.0,85,555,,62600630,2024-01-14 21:48:00.000,,62600630,2024-01-15 07:12:22.582,2024-01-15 07:03:14.524,UTC+0000,wFVf8Jbtp/,,com.sec.android.app.shealth,2024-01-15 07:03:00.000,009cc893-006f-4555-9837-ac1605a76a26,
89.0,92.0,28,44,27,8,46,430,96,0,29,0,,0,,,,,3,,7,65.0,2024-01-16 06:12:00.000,46.0,,2024-01-15 22:41:00.000,,,c66688bf-e4b3-445a-9446-2f5d6a04ece9.extra_data.json,,6,,89.0,82,430,,62600630,2024-01-15 22:41:00.000,,62600630,2024-01-16 06:32:59.204,2024-01-16 06:24:35.182,UTC+0000,wFVf8Jbtp/,,com.sec.android.app.shealth,2024-01-16 05:51:00.000,c66688bf-e4b3-445a-9446-2f5d6a04ece9,
,62.0,0,0,5,3,8,81,81,1,7,0,,0,,,,,-1,,7,8.0,,25.0,,,,,b70c60a5-a2c1-4846-ae8f-503e2a0fd3bc.extra_data.json,,1,,90.0,34,81,,62600630,2024-01-16 09:36:00.000,,62600630,2024-01-16 10:57:15.068,2024-01-16 10:57:08.558,UTC+0000,wFVf8Jbtp/,,com.sec.android.app.shealth,2024-01-16 10:57:00.000,b70c60a5-a2c1-4846-ae8f-503e2a0fd3bc,
,88.0,20,77,0,2,14,417,52,0,7,34,,0,,,,,-1,,7,76.0,2024-01-17 06:12:00.000,5.0,,2024-01-16 22:13:00.000,,,03c97c87-cccb-4b8b-9c43-596e476f6ad2.extra_data.json,,4,,89.0,93,451,,62600630,2024-01-16 22:13:00.000,,62600630,2024-01-17 06:38:22.953,2024-01-17 06:35:42.125,UTC+0000,wFVf8Jbtp/,,com.sec.android.app.shealth,2024-01-17 05:44:00.000,03c97c87-cccb-4b8b-9c43-596e476f6ad2,
94.0,73.0,16,38,2,12,24,458,113,1,9,0,,0,,,,,3,,7,60.0,2024-01-18 06:34:00.000,9.0,,2024-01-17 22:34:00.000,,,be00caea-43b3-44b4-9ea4-09ff0548fc85.extra_data.json,,5,,94.0,86,458,,62600630,2024-01-17 22:34:00.000,,62600630,2024-01-18 07:02:24.118,2024-01-18 06:34:45.640,UTC+0000,wFVf8Jbtp/,,com.sec.android.app.shealth,2024-01-18 06:12:00.000,be00caea-43b3-44b4-9ea4-09ff0548fc85,
,83.0,12,76,3,2,19,562,85,1,3,0,,0,,,,,3,,7,75.0,,7.0,,,,,eaac5d98-9d69-4d11-bfce-c33d056f0c4f.extra_data.json,,5,,96.0,87,562,,62600630,2024-01-18 21:10:00.000,,62600630,2024-01-19 06:36:17.051,2024-01-19 06:32:50.263,UTC+0000,wFVf8Jbtp/,,com.sec.android.app.shealth,2024-01-19 06:32:00.000,eaac5d98-9d69-4d11-bfce-c33d056f0c4f,
,74.0,19,19,10,1,14,194,168,0,12,0,,0,,,,,3,,7,34.0,,19.0,,,,,be00dedf-68ca-4e73-8812-89e804b654d7.extra_data.json,,1,,92.0,50,194,,62600630,2024-01-19 09:59:00.000,,62600630,2024-01-19 13:13:22.711,2024-01-19 13:13:16.192,UTC+0000,wFVf8Jbtp/,,com.sec.android.app.shealth,2024-01-19 13:13:00.000,be00dedf-68ca-4e73-8812-89e804b654d7,
,94.0,25,60,9,1,32,461,85,0,20,14,,0,,,,,3,,7,71.0,2024-01-20 06:08:00.000,22.0,,2024-01-19 21:44:00.000,,,aa4989a2-5368-40a5-8153-b72862f03fd3.extra_data.json,,5,,90.0,86,475,,62600630,2024-01-19 21:44:00.000,,62600630,2024-01-20 06:33:39.303,2024-01-20 06:33:28.131,UTC+0000,wFVf8Jbtp/,,com.sec.android.app.shealth,2024-01-20 05:39:00.000,aa4989a2-5368-40a5-8153-b72862f03fd3,
,82.0,45,78,4,3,16,462,148,0,0,0,,0,,,,,3,,7,75.0,2024-01-21 06:09:00.000,6.0,,2024-01-20 22:03:00.000,,,e42e9f68-bcb9-4e90-9558-226c1c04cf43.extra_data.json,,3,,96.0,95,462,,62610110,2024-01-20 22:03:00.000,,62610110,2024-01-21 06:27:46.762,2024-01-21 06:27:30.256,UTC+0000,wFVf8Jbtp/,,com.sec.android.app.shealth,2024-01-21 05:45:00.000,e42e9f68-bcb9-4e90-9558-226c1c04cf43,
,70.0,0,22,0,0,6,83,0,0,0,0,,0,,,,,3,,7,35.0,2024-01-21 08:14:00.000,7.0,,2024-01-21 06:35:00.000,,,b80d07fb-3e18-403e-b5de-5c79a7ed6e0a.extra_data.json,,0,,92.0,45,83,,62610110,2024-01-21 06:35:00.000,,62610110,2024-01-21 08:38:54.435,2024-01-21 08:38:51.111,UTC+0000,wFVf8Jbtp/,,com.sec.android.app.shealth,2024-01-21 07:58:00.000,b80d07fb-3e18-403e-b5de-5c79a7ed6e0a,
,89.0,31,38,6,1,16,456,175,0,0,0,,0,,,,,3,,7,61.0,2024-01-22 06:06:00.000,7.0,,2024-01-21 22:10:00.000,,,3cf67198-15c8-4a67-ab15-43f37a9b1aa0.extra_data.json,,4,,96.0,91,456,,62610110,2024-01-21 22:10:00.000,,62610110,2024-01-22 06:35:07.810,2024-01-22 06:34:58.191,UTC+0000,wFVf8Jbtp/,,com.sec.android.app.shealth,2024-01-22 05:46:00.000,3cf67198-15c8-4a67-ab15-43f37a9b1aa0,
,70.0,0,0,0,0,17,55,0,0,12,0,,0,,,,70f8e236-e5d9-4f02-81e5-e1007bd9c654,3,,7,6.0,2024-01-23 00:29:00.000,53.0,,2024-01-22 23:18:00.000,,,7f2aae79-0153-4f45-ab7f-c75d61a5d168.extra_data.json,,0,,69.0,26,55,,62610110,2024-01-22 23:18:00.000,,62610110,2024-01-23 07:33:01.879,2024-01-23 00:55:47.132,UTC+0000,wFVf8Jbtp/,,com.sec.android.app.shealth,2024-01-23 00:13:00.000,7f2aae79-0153-4f45-ab7f-c75d61a5d168,
,82.0,31,62,16,3,34,355,143,0,24,0,,0,,,,70f8e236-e5d9-4f02-81e5-e1007bd9c654,3,,7,62.0,2024-01-23 07:06:00.000,28.0,,2024-01-23 00:55:00.000,,,a6fdc8a0-594c-4e1b-835d-27f902281dba.extra_data.json,,3,,90.0,76,355,,62610110,2024-01-23 00:55:00.000,,62610110,2024-01-23 07:33:01.954,2024-01-23 07:32:54.167,UTC+0000,wFVf8Jbtp/,,com.sec.android.app.shealth,2024-01-23 06:50:00.000,a6fdc8a0-594c-4e1b-835d-27f902281dba,
,78.0,6,22,0,2,4,106,33,0,0,5,,0,,,,,3,,7,39.0,2024-01-23 12:16:00.000,4.0,,2024-01-23 10:06:00.000,,,1f055756-cdd3-4f89-aea0-c31b714452b3.extra_data.json,,2,,93.0,63,111,,62610110,2024-01-23 10:06:00.000,,62610110,2024-01-23 12:42:43.774,2024-01-23 12:42:33.138,UTC+0000,wFVf8Jbtp/,,com.sec.android.app.shealth,2024-01-23 11:57:00.000,1f055756-cdd3-4f89-aea0-c31b714452b3,
,83.0,6,30,19,2,30,456,127,0,17,11,,0,,,,,3,,7,54.0,2024-01-24 07:06:00.000,25.0,,2024-01-23 23:00:00.000,,,2e364477-1adb-435b-9b2f-fa93456398f8.extra_data.json,,3,,91.0,83,467,,62610110,2024-01-23 23:00:00.000,,62610110,2024-01-24 07:52:34.433,2024-01-24 07:21:37.196,UTC+0000,wFVf8Jbtp/,,com.sec.android.app.shealth,2024-01-24 06:47:00.000,2e364477-1adb-435b-9b2f-fa93456398f8,
,82.0,46,69,18,3,32,433,119,0,21,0,,0,,,,,3,,7,75.0,2024-01-25 07:16:00.000,27.0,,2024-01-24 23:33:00.000,,,b05526fa-458d-453f-a89d-7fe8c56d7b4d.extra_data.json,,3,,92.0,90,433,,62610110,2024-01-24 23:33:00.000,,62610110,2024-01-25 07:41:36.743,2024-01-25 07:41:27.206,UTC+0000,wFVf8Jbtp/,,com.sec.android.app.shealth,2024-01-25 06:46:00.000,b05526fa-458d-453f-a89d-7fe8c56d7b4d,
,79.0,17,52,2,6,22,393,53,0,5,0,,0,,,,,3,,7,65.0,2024-01-26 06:07:00.000,11.0,,2024-01-25 23:22:00.000,,,44a44aca-d307-4a1a-95aa-af36b0757e8b.extra_data.json,,3,,94.0,83,393,,62610110,2024-01-25 23:22:00.000,,62610110,2024-01-26 06:25:50.618,2024-01-26 06:25:42.163,UTC+0000,wFVf8Jbtp/,,com.sec.android.app.shealth,2024-01-26 05:55:00.000,44a44aca-d307-4a1a-95aa-af36b0757e8b,
,82.0,13,54,3,8,31,573,102,1,12,0,,0,,,,,3,,7,72.0,2024-01-27 07:23:00.000,10.0,,2024-01-26 21:40:00.000,,,9d8009df-92f1-4b25-8d41-4a135dc4eedd.extra_data.json,,6,,94.0,78,573,,62610110,2024-01-26 21:40:00.000,,62610110,2024-01-27 07:32:56.458,2024-01-27 07:30:49.153,UTC+0000,wFVf8Jbtp/,,com.sec.android.app.shealth,2024-01-27 07:13:00.000,9d8009df-92f1-4b25-8d41-4a135dc4eedd,
,89.0,50,59,2,6,18,558,125,0,0,0,,0,,,,,3,,7,82.0,2024-01-28 07:39:00.000,5.0,,2024-01-27 22:09:00.000,,,e0a479f2-afd1-4e00-b549-d22c268f3ec0.extra_data.json,,5,,96.0,90,558,,62610110,2024-01-27 22:09:00.000,,62610110,2024-01-28 07:44:45.041,2024-01-28 07:44:34.204,UTC+0000,wFVf8Jbtp/,,com.sec.android.app.shealth,2024-01-28 07:27:00.000,e0a479f2-afd1-4e00-b549-d22c268f3ec0,
,69.0,16,42,10,6,32,474,93,2,15,0,,0,,,,,3,,7,63.0,2024-01-29 07:41:00.000,21.0,,2024-01-28 23:39:00.000,,,65ecdd6a-1d7e-4ab8-a6b4-9723641a80cf.extra_data.json,,5,,93.0,81,474,,62610110,2024-01-28 23:39:00.000,,62610110,2024-01-29 07:41:18.758,2024-01-29 07:41:10.540,UTC+0000,wFVf8Jbtp/,,com.sec.android.app.shealth,2024-01-29 07:33:00.000,65ecdd6a-1d7e-4ab8-a6b4-9723641a80cf,
,87.0,25,65,0,3,10,342,41,0,0,0,,0,,,,,3,,7,78.0,2024-01-30 05:59:00.000,3.0,,2024-01-29 23:53:00.000,,,c566f853-18f8-4ec9-9cb9-e2ddca743213.extra_data.json,,4,,97.0,82,342,,62610110,2024-01-29 23:53:00.000,,62610110,2024-01-30 06:24:34.860,2024-01-30 06:24:29.164,UTC+0000,wFVf8Jbtp/,,com.sec.android.app.shealth,2024-01-30 05:35:00.000,c566f853-18f8-4ec9-9cb9-e2ddca743213,
,86.0,36,78,0,4,13,487,84,0,0,0,,0,,,,,3,,7,82.0,2024-01-31 07:07:00.000,3.0,,2024-01-30 22:44:00.000,,,443ab825-44ac-4db7-82bb-d8419357dd37.extra_data.json,,4,,97.0,98,487,,62610110,2024-01-30 22:44:00.000,,62610110,2024-01-31 07:19:14.563,2024-01-31 07:19:06.134,UTC+0000,wFVf8Jbtp/,,com.sec.android.app.shealth,2024-01-31 06:51:00.000,443ab825-44ac-4db7-82bb-d8419357dd37,
,58.0,0,0,4,7,14,108,60,1,10,0,,0,,,,,3,,7,11.0,2024-01-29 18:29:00.000,29.0,,2024-01-29 16:31:00.000,,,b12f6a6b-5f9d-40ba-8ad0-a53a1c4cd4bd.extra_data.json,,1,,87.0,32,108,,62610110,2024-01-29 16:31:00.000,,62610110,2024-01-29 18:37:50.620,2024-01-29 18:37:43.131,UTC+0000,wFVf8Jbtp/,,com.sec.android.app.shealth,2024-01-29 18:19:00.000,b12f6a6b-5f9d-40ba-8ad0-a53a1c4cd4bd,
,88.0,34,47,0,2,15,419,97,0,0,0,,0,,,,,3,,7,67.0,2024-02-01 06:00:00.000,4.0,,2024-01-31 22:42:00.000,,,d2a900e8-559b-403c-bf35-623a17ef065a.extra_data.json,,4,,96.0,95,419,,62610110,2024-01-31 22:42:00.000,,62610110,2024-02-01 06:20:59.602,2024-02-01 06:16:37.194,UTC+0000,wFVf8Jbtp/,,com.sec.android.app.shealth,2024-02-01 05:41:00.000,d2a900e8-559b-403c-bf35-623a17ef065a,
,73.0,0,0,0,2,2,41,41,0,0,7,,0,,,,,3,,7,4.0,2024-02-01 17:18:00.000,5.0,,2024-02-01 16:09:00.000,,,da8e5158-9301-45e6-98c6-0abe13e4d996.extra_data.json,,1,,85.0,42,48,,62610110,2024-02-01 16:09:00.000,,62610110,2024-02-01 17:42:21.636,2024-02-01 17:42:17.120,UTC+0000,wFVf8Jbtp/,,com.sec.android.app.shealth,2024-02-01 16:57:00.000,da8e5158-9301-45e6-98c6-0abe13e4d996,
,66.0,20,20,6,4,14,238,80,1,6,0,,0,,,,115f10ad-0a1b-4f7a-bbd8-4e0d22e72700,3,,7,42.0,,16.0,,,,,c40c5033-b5e9-48b1-bd50-33e6bcdfab23.extra_data.json,,2,,94.0,57,238,,62610110,2024-02-02 00:45:00.000,,62610110,2024-02-02 08:29:10.737,2024-02-02 04:43:55.300,UTC+0000,wFVf8Jbtp/,,com.sec.android.app.shealth,2024-02-02 04:43:00.000,c40c5033-b5e9-48b1-bd50-33e6bcdfab23,
,79.0,15,15,1,1,6,169,60,0,0,0,,0,,,,115f10ad-0a1b-4f7a-bbd8-4e0d22e72700,3,,7,36.0,2024-02-02 08:04:00.000,5.0,,2024-02-02 04:44:00.000,,,90f8afca-5a4b-4c10-b8e9-ab3532b124af.extra_data.json,,2,,96.0,61,169,,62610110,2024-02-02 04:44:00.000,,62610110,2024-02-02 08:29:10.821,2024-02-02 08:29:03.176,UTC+0000,wFVf8Jbtp/,,com.sec.android.app.shealth,2024-02-02 07:33:00.000,90f8afca-5a4b-4c10-b8e9-ab3532b124af,
,82.0,14,51,1,3,10,381,68,0,0,0,,0,,,,,3,,7,60.0,2024-02-03 05:38:00.000,4.0,,2024-02-02 22:26:00.000,,,9c8b87b3-9d62-436e-bea8-6d5b2b737c29.extra_data.json,,3,,97.0,87,381,,62610110,2024-02-02 22:26:00.000,,62610110,2024-02-03 08:31:43.643,2024-02-03 06:02:22.227,UTC+0000,wFVf8Jbtp/,,com.sec.android.app.shealth,2024-02-03 04:47:00.000,9c8b87b3-9d62-436e-bea8-6d5b2b737c29,
,46.0,18,18,11,9,21,133,133,2,16,0,,0,,,,,3,,7,32.0,,36.0,,,,,9290fe24-85f0-4191-a92c-0856dc007572.extra_data.json,,1,,84.0,47,133,,62610110,2024-02-03 06:37:00.000,,62610110,2024-02-03 08:55:32.529,2024-02-03 08:55:04.871,UTC+0000,wFVf8Jbtp/,,com.sec.android.app.shealth,2024-02-03 08:50:00.000,9290fe24-85f0-4191-a92c-0856dc007572,
,87.0,34,57,1,3,11,369,108,0,0,0,,0,,,,,3,,7,65.0,2024-02-04 06:47:00.000,4.0,,2024-02-04 00:08:00.000,,,feed1ee7-d993-4fda-8797-5054e9b94f0b.extra_data.json,,4,,97.0,89,369,,62610110,2024-02-04 00:08:00.000,,62610110,2024-02-04 07:12:37.859,2024-02-04 07:12:29.177,UTC+0000,wFVf8Jbtp/,,com.sec.android.app.shealth,2024-02-04 06:17:00.000,feed1ee7-d993-4fda-8797-5054e9b94f0b,
,88.0,41,53,4,7,32,539,184,0,9,0,,0,,,,,3,,7,73.0,2024-02-07 07:34:00.000,10.0,,2024-02-06 22:15:00.000,,,96dbbac7-84a5-442e-a9ab-c5f163345575.extra_data.json,,5,,94.0,88,539,,62620030,2024-02-06 22:15:00.000,,62620030,2024-02-07 07:59:48.028,2024-02-07 07:59:38.253,UTC+0000,wFVf8Jbtp/,,com.sec.android.app.shealth,2024-02-07 07:14:00.000,96dbbac7-84a5-442e-a9ab-c5f163345575,
,29.0,48,76,1,41,60,583,123,2,39,0,,0,,,,,3,,7,87.0,,18.0,,,,,24f466ad-17bb-4385-84cf-b3339e47ce47.extra_data.json,,4,,89.0,77,583,,62610110,2024-02-04 22:37:00.000,,62610110,2024-02-05 08:20:09.160,2024-02-05 08:20:00.887,UTC+0000,wFVf8Jbtp/,,com.sec.android.app.shealth,2024-02-05 08:20:00.000,24f466ad-17bb-4385-84cf-b3339e47ce47,
,67.0,15,18,2,13,29,466,132,1,12,0,,0,,,,,3,,7,55.0,2024-02-06 07:25:00.000,10.0,,2024-02-05 23:22:00.000,,,bc8a86f1-519f-4168-aead-c72be636dbe6.extra_data.json,,4,,93.0,81,466,,62610110,2024-02-05 23:22:00.000,,62610110,2024-02-06 08:14:56.135,2024-02-06 07:32:47.116,UTC+0000,wFVf8Jbtp/,,com.sec.android.app.shealth,2024-02-06 07:08:00.000,bc8a86f1-519f-4168-aead-c72be636dbe6,
,73.0,20,20,2,2,4,96,96,0,0,0,,0,,,,,3,,7,39.0,2024-02-07 14:56:00.000,6.0,,2024-02-07 13:00:00.000,,,83803c45-91c4-4a32-af1c-9babed946e0b.extra_data.json,,1,,95.0,62,96,,62620030,2024-02-07 13:00:00.000,,62620030,2024-02-07 15:03:08.648,2024-02-07 15:02:55.198,UTC+0000,wFVf8Jbtp/,,com.sec.android.app.shealth,2024-02-07 14:36:00.000,83803c45-91c4-4a32-af1c-9babed946e0b,
,53.0,28,56,7,12,27,315,114,2,13,0,,0,,,,,3,,7,59.0,2024-02-08 06:10:00.000,19.0,,2024-02-08 00:30:00.000,,,f3c38652-8fca-4e9e-86ef-92b25760510a.extra_data.json,,3,,91.0,69,315,,62620030,2024-02-08 00:30:00.000,,62620030,2024-02-08 06:21:16.698,2024-02-08 06:21:06.159,UTC+0000,wFVf8Jbtp/,,com.sec.android.app.shealth,2024-02-08 05:45:00.000,f3c38652-8fca-4e9e-86ef-92b25760510a,
,53.0,61,64,6,22,32,383,161,1,23,0,,0,,,,,-1,,7,70.0,2024-02-09 09:05:00.000,18.0,,2024-02-09 02:24:00.000,,,a46ffdca-c08f-4e60-b99d-9e935f85294d.extra_data.json,,3,,91.0,81,383,,62620030,2024-02-09 02:24:00.000,,62620030,2024-02-09 09:09:28.323,2024-02-09 09:09:22.335,UTC+0000,wFVf8Jbtp/,,com.sec.android.app.shealth,2024-02-09 08:47:00.000,a46ffdca-c08f-4e60-b99d-9e935f85294d,
,85.0,30,52,15,5,60,352,132,0,40,0,,0,,,,,-1,,7,59.0,2024-02-10 08:14:00.000,40.0,,2024-02-10 02:05:00.000,,,4f0a2e19-3121-4f82-9b58-6a0791f9bedc.extra_data.json,,4,,82.0,72,352,,62620030,2024-02-10 02:05:00.000,,62620030,2024-02-10 08:23:05.662,2024-02-10 08:22:58.392,UTC+0000,wFVf8Jbtp/,,com.sec.android.app.shealth,2024-02-10 07:57:00.000,4f0a2e19-3121-4f82-9b58-6a0791f9bedc,
,73.0,59,59,3,7,22,342,211,0,0,0,,0,,,,,3,,7,63.0,,8.0,,,,,c5e94306-eb94-42fc-be77-1f98b498f270.extra_data.json,,2,,93.0,79,342,,62620030,2024-02-11 02:03:00.000,,62620030,2024-02-11 08:46:46.198,2024-02-11 07:45:10.523,UTC+0000,wFVf8Jbtp/,,com.sec.android.app.shealth,2024-02-11 07:45:00.000,c5e94306-eb94-42fc-be77-1f98b498f270,
,73.0,9,19,0,2,9,70,32,0,4,0,,0,,,,,3,,7,45.0,2024-02-11 11:29:00.000,19.0,,2024-02-11 10:07:00.000,,,6d7f4636-0b79-4ce6-a0e1-9b33861d6b1d.extra_data.json,,1,,87.0,56,70,,62620030,2024-02-11 10:07:00.000,,62620030,2024-02-11 11:53:13.388,2024-02-11 11:53:08.161,UTC+0000,wFVf8Jbtp/,,com.sec.android.app.shealth,2024-02-11 11:17:00.000,6d7f4636-0b79-4ce6-a0e1-9b33861d6b1d,
,77.0,42,51,7,8,17,392,163,0,0,0,,0,,,,,3,,7,63.0,2024-02-12 07:02:00.000,9.0,,2024-02-12 00:18:00.000,,,675c550f-d99c-4977-8281-f66c0d6e6aa7.extra_data.json,,3,,95.0,87,392,,62620030,2024-02-12 00:18:00.000,,62620030,2024-02-12 07:25:35.877,2024-02-12 07:14:10.142,UTC+0000,wFVf8Jbtp/,,com.sec.android.app.shealth,2024-02-12 06:50:00.000,675c550f-d99c-4977-8281-f66c0d6e6aa7,
,54.0,64,70,16,16,34,503,282,2,16,0,,0,,,,,3,,7,73.0,2024-02-13 08:05:00.000,16.0,,2024-02-12 23:20:00.000,,,bb249530-d739-45af-8c26-394354a72dd8.extra_data.json,,4,,93.0,85,503,,62620030,2024-02-12 23:20:00.000,,62620030,2024-02-13 08:31:44.730,2024-02-13 08:31:37.224,UTC+0000,wFVf8Jbtp/,,com.sec.android.app.shealth,2024-02-13 07:43:00.000,bb249530-d739-45af-8c26-394354a72dd8,
,65.0,58,82,36,10,57,574,252,2,30,0,,0,,,,,3,,7,81.0,2024-02-14 08:32:00.000,29.0,,2024-02-13 22:33:00.000,,,9ec93f68-2316-4087-8c47-c0985dbb1d7b.extra_data.json,,5,,90.0,78,574,,62620030,2024-02-13 22:33:00.000,,62620030,2024-02-14 08:41:35.236,2024-02-14 08:41:25.193,UTC+0000,wFVf8Jbtp/,,com.sec.android.app.shealth,2024-02-14 08:07:00.000,9ec93f68-2316-4087-8c47-c0985dbb1d7b,
,86.0,22,45,2,4,43,493,109,0,23,0,,0,,,,,3,,7,67.0,2024-02-18 08:13:00.000,15.0,,2024-02-17 23:50:00.000,,,6262c7f7-2e4d-443d-8e2f-625d512fbf85.extra_data.json,,4,,91.0,86,493,,62620030,2024-02-17 23:50:00.000,,62620030,2024-02-18 08:13:13.959,2024-02-18 08:13:03.662,UTC+0000,wFVf8Jbtp/,,com.sec.android.app.shealth,2024-02-18 08:03:00.000,6262c7f7-2e4d-443d-8e2f-625d512fbf85,
,83.0,0,42,5,2,29,447,100,0,18,1,,0,,,,,3,,7,54.0,2024-02-15 07:44:00.000,16.0,,2024-02-14 23:44:00.000,,,13a0241a-83ad-4410-a71b-c6064659300b.extra_data.json,,3,,93.0,77,448,,62620030,2024-02-14 23:44:00.000,,62620030,2024-02-15 08:08:18.042,2024-02-15 08:08:09.223,UTC+0000,wFVf8Jbtp/,,com.sec.android.app.shealth,2024-02-15 07:12:00.000,13a0241a-83ad-4410-a71b-c6064659300b,
,71.0,9,52,0,4,15,353,85,1,4,0,,0,,,,,3,,7,54.0,2024-02-16 06:03:00.000,5.0,,2024-02-15 23:48:00.000,,,1988d30f-2cc3-4d1c-b861-6688ff60b8f5.extra_data.json,,3,,95.0,81,353,,62620030,2024-02-15 23:48:00.000,,62620030,2024-02-16 06:15:27.688,2024-02-16 06:15:21.320,UTC+0000,wFVf8Jbtp/,,com.sec.android.app.shealth,2024-02-16 05:41:00.000,1988d30f-2cc3-4d1c-b861-6688ff60b8f5,
,83.0,37,41,1,2,9,277,107,0,4,0,,0,,,,,3,,7,56.0,2024-02-17 05:59:00.000,6.0,,2024-02-17 00:50:00.000,,,4d4fc188-7a83-4c01-8cbd-7c5642bd8ed1.extra_data.json,,3,,96.0,73,277,,62620030,2024-02-17 00:50:00.000,,62620030,2024-02-17 06:23:24.831,2024-02-17 06:23:19.211,UTC+0000,wFVf8Jbtp/,,com.sec.android.app.shealth,2024-02-17 05:27:00.000,4d4fc188-7a83-4c01-8cbd-7c5642bd8ed1,
,85.0,98,98,11,5,31,667,329,0,0,0,,0,,,,,3,,7,93.0,2024-02-19 07:29:00.000,8.0,,2024-02-18 20:10:00.000,,,63775da9-2b7d-4f55-8102-03255352fea2.extra_data.json,,4,,95.0,72,667,,62620030,2024-02-18 20:10:00.000,,62620030,2024-02-19 07:39:01.983,2024-02-19 07:38:51.209,UTC+0000,wFVf8Jbtp/,,com.sec.android.app.shealth,2024-02-19 07:17:00.000,63775da9-2b7d-4f55-8102-03255352fea2,
,81.0,65,83,6,4,27,502,176,0,5,0,,0,,,,,3,,7,82.0,,10.0,,,,,e29d1302-e4a0-4a4c-b6be-ce3c6a8c4b4d.extra_data.json,,3,,94.0,95,502,,62620030,2024-02-20 00:15:00.000,,62620030,2024-02-20 08:37:45.324,2024-02-20 08:37:36.396,UTC+0000,wFVf8Jbtp/,,com.sec.android.app.shealth,2024-02-20 08:37:00.000,e29d1302-e4a0-4a4c-b6be-ce3c6a8c4b4d,
,92.0,46,113,0,3,41,530,77,0,28,2,,0,,,,,3,,7,98.0,2024-02-21 07:33:00.000,13.0,,2024-02-20 22:20:00.000,,,9c9992a7-17ed-4297-9094-166f1e704224.extra_data.json,,5,,92.0,92,532,,62620030,2024-02-20 22:20:00.000,,62620030,2024-02-21 07:58:55.130,2024-02-21 07:58:44.189,UTC+0000,wFVf8Jbtp/,,com.sec.android.app.shealth,2024-02-21 07:12:00.000,9c9992a7-17ed-4297-9094-166f1e704224,
,83.0,25,78,3,2,18,338,81,0,9,0,,0,,,,,3,,7,69.0,2024-02-22 05:35:00.000,12.0,,2024-02-21 23:36:00.000,,,2d6b01e4-75a4-4524-a2fc-ea999d30c12a.extra_data.json,,3,,94.0,76,338,,62620030,2024-02-21 23:36:00.000,,62620030,2024-02-22 05:51:10.148,2024-02-22 05:51:02.175,UTC+0000,wFVf8Jbtp/,,com.sec.android.app.shealth,2024-02-22 05:14:00.000,2d6b01e4-75a4-4524-a2fc-ea999d30c12a,
,75.0,13,13,3,0,5,89,89,0,3,0,,0,,,,,3,,7,29.0,2024-02-22 17:18:00.000,12.0,,2024-02-22 15:44:00.000,,,642b57a0-dad2-4d0c-b378-15628fbb72cf.extra_data.json,,1,,94.0,56,89,,62620030,2024-02-22 15:44:00.000,,62620030,2024-02-22 17:18:27.460,2024-02-22 17:18:18.932,UTC+0000,wFVf8Jbtp/,,com.sec.android.app.shealth,2024-02-22 17:13:00.000,642b57a0-dad2-4d0c-b378-15628fbb72cf,
,69.0,36,78,0,11,23,497,94,1,11,0,,0,,,,,3,,7,81.0,2024-02-23 07:46:00.000,7.0,,2024-02-22 23:15:00.000,,,8ff02134-3299-4937-80a9-2c04e4b7996e.extra_data.json,,4,,95.0,94,497,,62620030,2024-02-22 23:15:00.000,,62620030,2024-02-23 07:47:17.520,2024-02-23 07:47:05.684,UTC+0000,wFVf8Jbtp/,,com.sec.android.app.shealth,2024-02-23 07:32:00.000,8ff02134-3299-4937-80a9-2c04e4b7996e,
,67.0,45,46,0,8,20,401,94,2,13,0,,0,,,,,3,,7,71.0,,8.0,,,,,0fd923a4-a636-483a-a246-86b9651e3f82.extra_data.json,,5,,95.0,87,401,,62620030,2024-02-27 00:53:00.000,,62620030,2024-02-27 07:34:19.148,2024-02-27 07:34:07.270,UTC+0000,wFVf8Jbtp/,,com.sec.android.app.shealth,2024-02-27 07:34:00.000,0fd923a4-a636-483a-a246-86b9651e3f82,
,85.0,67,75,3,5,13,331,182,0,3,7,,0,,,,,3,,7,70.0,2024-02-28 07:02:00.000,6.0,,2024-02-28 00:40:00.000,,,503546d9-60b1-411b-8dcb-cbe944eba328.extra_data.json,,4,,94.0,82,338,,62620030,2024-02-28 00:40:00.000,,62620030,2024-02-28 07:32:20.864,2024-02-28 07:32:12.263,UTC+0000,wFVf8Jbtp/,,com.sec.android.app.shealth,2024-02-28 06:18:00.000,503546d9-60b1-411b-8dcb-cbe944eba328,
,74.0,38,44,13,6,30,370,129,1,18,34,,0,,,,,3,,7,61.0,2024-02-24 06:49:00.000,23.0,,2024-02-23 23:45:00.000,,,35f253be-521f-4f5f-a6fe-93a5c2d626c2.extra_data.json,,4,,84.0,76,404,,62620030,2024-02-23 23:45:00.000,,62620030,2024-02-24 07:46:41.046,2024-02-24 07:16:16.191,UTC+0000,wFVf8Jbtp/,,com.sec.android.app.shealth,2024-02-24 06:29:00.000,35f253be-521f-4f5f-a6fe-93a5c2d626c2,
,72.0,26,40,3,3,23,469,80,1,3,0,,0,,,,,3,,7,68.0,2024-02-25 06:16:00.000,9.0,,2024-02-24 22:14:00.000,,,d0ed4043-235e-4f50-9184-e4bce3ffbc77.extra_data.json,,3,,95.0,89,469,,62620030,2024-02-24 22:14:00.000,,62620030,2024-02-25 06:16:59.330,2024-02-25 06:16:47.031,UTC+0000,wFVf8Jbtp/,,com.sec.android.app.shealth,2024-02-25 06:03:00.000,d0ed4043-235e-4f50-9184-e4bce3ffbc77,
,74.0,12,12,0,1,3,75,75,0,0,1,,0,,,,,3,,7,30.0,2024-02-25 08:16:00.000,4.0,,2024-02-25 06:47:00.000,,,4ff62c4c-5b90-4827-8b75-c0f6b7c45d74.extra_data.json,,1,,94.0,64,76,,62620030,2024-02-25 06:47:00.000,,62620030,2024-02-25 08:40:53.585,2024-02-25 08:40:39.127,UTC+0000,wFVf8Jbtp/,,com.sec.android.app.shealth,2024-02-25 08:03:00.000,4ff62c4c-5b90-4827-8b75-c0f6b7c45d74,
,74.0,0,0,0,1,3,45,45,0,0,0,,0,,,,,3,,7,5.0,2024-02-25 17:00:00.000,7.0,,2024-02-25 15:56:00.000,,,98cbcf83-46b4-44b2-a9ec-cad0b75bf74b.extra_data.json,,1,,93.0,40,45,,62620030,2024-02-25 15:56:00.000,,62620030,2024-02-25 17:24:44.288,2024-02-25 17:24:39.110,UTC+0000,wFVf8Jbtp/,,com.sec.android.app.shealth,2024-02-25 16:41:00.000,98cbcf83-46b4-44b2-a9ec-cad0b75bf74b,
,59.0,45,55,6,11,20,285,165,1,15,0,,0,,,,b4dc0bff-2453-42ce-9802-b2e498358451,3,,7,59.0,2024-02-26 04:29:00.000,16.0,,2024-02-25 23:28:00.000,,,514f73b3-ae80-48e7-8752-3e3964de7110.extra_data.json,,2,,92.0,63,285,,62620030,2024-02-25 23:28:00.000,,62620030,2024-02-26 06:45:09.531,2024-02-26 04:54:27.130,UTC+0000,wFVf8Jbtp/,,com.sec.android.app.shealth,2024-02-26 04:13:00.000,514f73b3-ae80-48e7-8752-3e3964de7110,
,73.0,0,0,0,2,2,34,34,0,0,0,,0,,,,b4dc0bff-2453-42ce-9802-b2e498358451,3,,7,3.0,2024-02-26 06:21:00.000,6.0,,2024-02-26 05:28:00.000,,,c742d612-de35-4b91-998d-f7f2beef2057.extra_data.json,,1,,94.0,40,34,,62620030,2024-02-26 05:28:00.000,,62620030,2024-02-26 06:45:09.641,2024-02-26 06:45:03.132,UTC+0000,wFVf8Jbtp/,,com.sec.android.app.shealth,2024-02-26 06:02:00.000,c742d612-de35-4b91-998d-f7f2beef2057,
,78.0,18,40,1,7,17,449,85,1,5,0,,0,,,,,3,,7,62.0,2024-02-29 07:09:00.000,6.0,,2024-02-28 23:28:00.000,,,d3368682-126f-423e-9000-a2198d2cf14b.extra_data.json,,5,,96.0,90,449,,62620030,2024-02-28 23:28:00.000,,62620030,2024-02-29 07:20:32.377,2024-02-29 07:16:03.802,UTC+0000,wFVf8Jbtp/,,com.sec.android.app.shealth,2024-02-29 06:57:00.000,d3368682-126f-423e-9000-a2198d2cf14b,
,70.0,24,60,0,5,10,314,54,1,5,9,,0,,,,,3,,7,68.0,2024-03-01 06:24:00.000,5.0,,2024-03-01 00:24:00.000,,,414689bd-baa8-4b8b-a472-333839a4d1f0.extra_data.json,,3,,94.0,76,323,,62620030,2024-03-01 00:24:00.000,,62620030,2024-03-01 06:39:59.465,2024-03-01 06:39:49.488,UTC+0000,wFVf8Jbtp/,,com.sec.android.app.shealth,2024-03-01 05:47:00.000,414689bd-baa8-4b8b-a472-333839a4d1f0,
,83.0,74,87,0,2,16,428,153,0,8,0,,0,,,,,3,,7,82.0,2024-03-02 08:44:00.000,6.0,,2024-03-02 01:08:00.000,,,c688d42b-faa9-41fb-9862-b3e03c9670bf.extra_data.json,,3,,96.0,99,428,,62620030,2024-03-02 01:08:00.000,,62620030,2024-03-02 09:06:07.329,2024-03-02 09:05:53.190,UTC+0000,wFVf8Jbtp/,,com.sec.android.app.shealth,2024-03-02 08:16:00.000,c688d42b-faa9-41fb-9862-b3e03c9670bf,
,85.0,21,43,9,5,32,512,159,0,10,0,,0,,,,,-1,,7,65.0,2024-03-03 06:53:00.000,14.0,,2024-03-02 22:02:00.000,,,d3c3ff26-b816-4b24-a355-cbc5a73402e9.extra_data.json,,4,,93.0,85,512,,62620030,2024-03-02 22:02:00.000,,62620030,2024-03-03 07:12:21.167,2024-03-03 07:12:12.193,UTC+0000,wFVf8Jbtp/,,com.sec.android.app.shealth,2024-03-03 06:34:00.000,d3c3ff26-b816-4b24-a355-cbc5a73402e9,
,50.0,15,81,5,35,53,485,94,1,36,0,,0,,,,,-1,,7,72.0,2024-03-04 07:35:00.000,24.0,,2024-03-03 23:15:00.000,,,8cc0d925-76b5-4ede-ae79-118c56ce9dad.extra_data.json,,5,,89.0,84,485,,62620030,2024-03-03 23:15:00.000,,62620030,2024-03-04 07:47:31.603,2024-03-04 07:47:22.200,UTC+0000,wFVf8Jbtp/,,com.sec.android.app.shealth,2024-03-04 07:20:00.000,8cc0d925-76b5-4ede-ae79-118c56ce9dad,
,84.0,9,35,1,6,25,504,84,1,9,11,,0,,,,,-1,,7,62.0,2024-03-05 07:06:00.000,8.0,,2024-03-04 22:10:00.000,,,9c17486b-b14d-4990-a5b6-ee9ca10d2628.extra_data.json,,6,,93.0,90,515,,62620030,2024-03-04 22:10:00.000,,62620030,2024-03-05 09:02:50.647,2024-03-05 07:32:34.154,UTC+0000,wFVf8Jbtp/,,com.sec.android.app.shealth,2024-03-05 06:45:00.000,9c17486b-b14d-4990-a5b6-ee9ca10d2628,
,70.0,0,6,0,0,7,43,0,0,4,0,,0,,,,,-1,,7,18.0,2024-03-05 13:50:00.000,26.0,,2024-03-05 12:47:00.000,,,0b2d0995-c797-492f-91d9-69a1f18c00c1.extra_data.json,,0,,83.0,38,43,,62620030,2024-03-05 12:47:00.000,,62620030,2024-03-05 14:15:52.859,2024-03-05 14:15:43.113,UTC+0000,wFVf8Jbtp/,,com.sec.android.app.shealth,2024-03-05 13:30:00.000,0b2d0995-c797-492f-91d9-69a1f18c00c1,
,67.0,57,75,5,8,24,355,173,1,11,0,,0,,,,,-1,,7,70.0,2024-03-06 04:35:00.000,13.0,,2024-03-05 22:27:00.000,,,ce5feb4b-face-48a8-a150-c75236a30358.extra_data.json,,3,,93.0,80,355,,62620030,2024-03-05 22:27:00.000,,62620030,2024-03-06 04:59:33.520,2024-03-06 04:45:59.278,UTC+0000,wFVf8Jbtp/,,com.sec.android.app.shealth,2024-03-06 04:22:00.000,ce5feb4b-face-48a8-a150-c75236a30358,
,73.0,7,7,11,2,13,73,73,0,9,0,,0,,,,,-1,,7,21.0,2024-03-06 16:37:00.000,45.0,,2024-03-06 15:07:00.000,,,d42d784e-8af3-42fc-8fa4-776f96804607.extra_data.json,,1,,82.0,49,73,,62620030,2024-03-06 15:07:00.000,,62620030,2024-03-06 17:01:18.081,2024-03-06 17:01:09.273,UTC+0000,wFVf8Jbtp/,,com.sec.android.app.shealth,2024-03-06 16:20:00.000,d42d784e-8af3-42fc-8fa4-776f96804607,
,89.0,29,66,1,6,17,471,76,0,0,0,,0,,,,,-1,,7,76.0,2024-03-07 06:43:00.000,5.0,,2024-03-06 22:33:00.000,,,8d27b367-5234-4b97-8357-e6968d5d0074.extra_data.json,,5,,96.0,93,471,,62620030,2024-03-06 22:33:00.000,,62620030,2024-03-07 07:02:52.469,2024-03-07 07:02:43.223,UTC+0000,wFVf8Jbtp/,,com.sec.android.app.shealth,2024-03-07 06:24:00.000,8d27b367-5234-4b97-8357-e6968d5d0074,
,29.0,19,74,1,46,59,517,58,3,41,0,,0,,,,,-1,,7,79.0,2024-03-08 07:28:00.000,21.0,,2024-03-07 22:32:00.000,,,c3b51974-2c8f-483e-b366-777a53539646.extra_data.json,,7,,88.0,80,517,,62620030,2024-03-07 22:32:00.000,,62620030,2024-03-08 07:53:55.965,2024-03-08 07:53:45.205,UTC+0000,wFVf8Jbtp/,,com.sec.android.app.shealth,2024-03-08 07:09:00.000,c3b51974-2c8f-483e-b366-777a53539646,
,36.0,60,93,4,29,37,451,152,3,26,0,,0,,,,,-1,,7,82.0,2024-03-09 07:52:00.000,17.0,,2024-03-09 00:03:00.000,,,2ebdbf5a-85fd-4c72-ab4a-873b8b6a4a0d.extra_data.json,,5,,91.0,87,451,,62620030,2024-03-09 00:03:00.000,,62620030,2024-03-09 08:51:18.081,2024-03-09 08:22:29.228,UTC+0000,wFVf8Jbtp/,,com.sec.android.app.shealth,2024-03-09 07:34:00.000,2ebdbf5a-85fd-4c72-ab4a-873b8b6a4a0d,
,74.0,5,5,0,1,6,94,64,0,5,0,,0,,,,,-1,,7,18.0,,12.0,,,,,31941ea2-f903-4dfc-9f04-91121b1aab25.extra_data.json,,1,,93.0,54,94,,62620030,2024-03-09 14:54:00.000,,62620030,2024-03-09 16:33:22.183,2024-03-09 16:33:14.180,UTC+0000,wFVf8Jbtp/,,com.sec.android.app.shealth,2024-03-09 16:28:00.000,31941ea2-f903-4dfc-9f04-91121b1aab25,
,70.0,17,35,4,0,16,253,62,1,3,0,,0,,,,,-1,,7,50.0,2024-03-10 06:03:00.000,14.0,,2024-03-10 01:29:00.000,,,0377c154-ac92-41a1-b160-80c295701183.extra_data.json,,2,,93.0,62,253,,62620030,2024-03-10 01:29:00.000,,62620030,2024-03-10 06:11:52.023,2024-03-10 06:11:32.364,UTC+0000,wFVf8Jbtp/,,com.sec.android.app.shealth,2024-03-10 05:42:00.000,0377c154-ac92-41a1-b160-80c295701183,
,57.0,64,64,2,28,44,534,192,1,28,0,,0,,,,,-1,,7,79.0,2024-03-11 08:21:00.000,15.0,,2024-03-10 23:18:00.000,,,68f1aec9-53c1-4464-b897-04c4e08ac560.extra_data.json,,5,,91.0,86,534,,62620030,2024-03-10 23:18:00.000,,62620030,2024-03-11 08:32:59.523,2024-03-11 08:21:35.214,UTC+0000,wFVf8Jbtp/,,com.sec.android.app.shealth,2024-03-11 08:12:00.000,68f1aec9-53c1-4464-b897-04c4e08ac560,
,78.0,17,17,0,2,3,113,70,0,0,1,,0,,,,,-1,,7,36.0,2024-03-11 15:24:00.000,3.0,,2024-03-11 13:13:00.000,,,7c4871e5-17cf-46d4-b6fc-61685b0f0856.extra_data.json,,2,,96.0,64,114,,62620030,2024-03-11 13:13:00.000,,62620030,2024-03-11 15:49:24.738,2024-03-11 15:49:16.124,UTC+0000,wFVf8Jbtp/,,com.sec.android.app.shealth,2024-03-11 15:07:00.000,7c4871e5-17cf-46d4-b6fc-61685b0f0856,
,79.0,60,60,9,6,19,425,176,0,3,0,,0,,,,,-1,,7,70.0,2024-03-12 07:18:00.000,10.0,,2024-03-11 23:49:00.000,,,118467ea-8ef4-4226-9500-3d3566b1668e.extra_data.json,,3,,95.0,92,425,,62620030,2024-03-11 23:49:00.000,,62620030,2024-03-12 07:29:36.913,2024-03-12 07:29:22.229,UTC+0000,wFVf8Jbtp/,,com.sec.android.app.shealth,2024-03-12 06:54:00.000,118467ea-8ef4-4226-9500-3d3566b1668e,
,73.0,7,7,3,2,5,124,124,0,0,1,,0,,,,88c071ee-bc33-49dc-a9d1-d377efe610cc,-1,,7,20.0,2024-03-13 00:32:00.000,6.0,,2024-03-12 22:07:00.000,,,7b5d048b-01a4-478d-b5b1-ef0d0f43a1e6.extra_data.json,,1,,95.0,57,125,,62650131,2024-03-12 22:07:00.000,,62650170,2024-03-13 07:55:36.636,2024-03-13 00:57:07.198,UTC+0000,wFVf8Jbtp/,,com.sec.android.app.shealth,2024-03-13 00:12:00.000,7b5d048b-01a4-478d-b5b1-ef0d0f43a1e6,
,85.0,34,84,7,0,17,357,101,0,9,0,,0,,,,88c071ee-bc33-49dc-a9d1-d377efe610cc,-1,,7,73.0,2024-03-13 07:29:00.000,14.0,,2024-03-13 00:57:00.000,,,2c45be1c-3a72-435f-91d3-7d911284e788.extra_data.json,,3,,95.0,83,357,,62650131,2024-03-13 00:57:00.000,,62650170,2024-03-13 07:55:36.912,2024-03-13 07:55:23.802,UTC+0000,wFVf8Jbtp/,,com.sec.android.app.shealth,2024-03-13 06:54:00.000,2c45be1c-3a72-435f-91d3-7d911284e788,
,80.0,73,73,9,5,24,472,267,0,0,0,,0,,,,,-1,,7,74.0,2024-03-14 07:02:00.000,8.0,,2024-03-13 22:54:00.000,,,fb848bde-b56e-4233-a051-bff02f9465ae.extra_data.json,,3,,94.0,93,472,,62650131,2024-03-13 22:54:00.000,,62650170,2024-03-14 07:48:15.913,2024-03-14 07:16:09.150,UTC+0000,wFVf8Jbtp/,,com.sec.android.app.shealth,2024-03-14 06:46:00.000,fb848bde-b56e-4233-a051-bff02f9465ae,
,79.0,84,107,3,6,17,451,243,0,5,0,,0,,,,,-1,,7,83.0,2024-03-15 06:59:00.000,6.0,,2024-03-14 22:39:00.000,,,a11e9f61-0574-46c3-8d38-b593e4df3e9f.extra_data.json,,3,,96.0,96,451,,62650131,2024-03-14 22:39:00.000,,62650170,2024-03-15 07:25:13.206,2024-03-15 07:25:01.209,UTC+0000,wFVf8Jbtp/,,com.sec.android.app.shealth,2024-03-15 06:10:00.000,a11e9f61-0574-46c3-8d38-b593e4df3e9f,
,70.0,0,6,0,0,7,54,0,0,0,0,,0,,,,,-1,,7,17.0,2024-03-15 08:26:00.000,13.0,,2024-03-15 07:22:00.000,,,cb2c2da9-9aa3-489b-a80b-52fa4e4e8c51.extra_data.json,,0,,87.0,42,54,,62650131,2024-03-15 07:22:00.000,,62650170,2024-03-15 08:35:31.679,2024-03-15 08:35:24.095,UTC+0000,wFVf8Jbtp/,,com.sec.android.app.shealth,2024-03-15 08:16:00.000,cb2c2da9-9aa3-489b-a80b-52fa4e4e8c51,
,90.0,52,53,10,5,33,439,214,0,21,0,,0,,,,,-1,,7,66.0,,17.0,,,,,457183fe-fd2f-4577-a6ca-a2b178975fd2.extra_data.json,,5,,92.0,89,439,,62650131,2024-03-15 23:40:00.000,,62650170,2024-03-16 07:17:50.367,2024-03-16 06:59:46.196,UTC+0000,wFVf8Jbtp/,,com.sec.android.app.shealth,2024-03-16 06:59:00.000,457183fe-fd2f-4577-a6ca-a2b178975fd2,
,68.0,21,49,3,7,17,379,92,1,4,8,,0,,,,,-1,,7,60.0,2024-03-17 06:48:00.000,9.0,,2024-03-16 23:32:00.000,,,6bd139b5-4207-4980-8f8f-aaff48cc9f51.extra_data.json,,3,,93.0,83,387,,62650131,2024-03-16 23:32:00.000,,62650170,2024-03-17 08:47:55.729,2024-03-17 07:13:08.129,UTC+0000,wFVf8Jbtp/,,com.sec.android.app.shealth,2024-03-17 05:59:00.000,6bd139b5-4207-4980-8f8f-aaff48cc9f51,
,76.0,21,71,0,9,29,560,81,1,14,0,,0,,,,,-1,,7,79.0,2024-03-18 07:54:00.000,8.0,,2024-03-17 22:21:00.000,,,2396bdfe-d3ff-4aa4-89fb-3917c17c1823.extra_data.json,,5,,94.0,84,560,,62650131,2024-03-17 22:21:00.000,,62650170,2024-03-18 08:01:17.113,2024-03-18 08:01:06.161,UTC+0000,wFVf8Jbtp/,,com.sec.android.app.shealth,2024-03-18 07:41:00.000,2396bdfe-d3ff-4aa4-89fb-3917c17c1823,
,85.0,43,75,6,5,35,395,131,0,16,3,,0,,,,,-1,,7,72.0,2024-03-19 07:14:00.000,17.0,,2024-03-19 00:02:00.000,,,4c7d684f-84cb-4c82-8db2-4ccbcabd4d09.extra_data.json,,4,,90.0,86,398,,62650131,2024-03-19 00:02:00.000,,62650170,2024-03-19 07:34:04.008,2024-03-19 07:33:47.331,UTC+0000,wFVf8Jbtp/,,com.sec.android.app.shealth,2024-03-19 06:40:00.000,4c7d684f-84cb-4c82-8db2-4ccbcabd4d09,
,74.0,54,84,4,6,12,366,166,1,3,41,,0,,,,,-1,,7,73.0,2024-03-20 07:36:00.000,7.0,,2024-03-20 00:30:00.000,,,226e8fb7-4365-461f-8a31-5a1732d644ee.extra_data.json,,4,,86.0,86,407,,62650131,2024-03-20 00:30:00.000,,62650170,2024-03-20 08:24:21.519,2024-03-20 08:00:46.221,UTC+0000,wFVf8Jbtp/,,com.sec.android.app.shealth,2024-03-20 07:17:00.000,226e8fb7-4365-461f-8a31-5a1732d644ee,
,80.0,2,2,4,0,4,132,86,0,0,0,,0,,,,bef2af85-0b1d-466a-9e25-a8ffc0b09a71,-1,,7,16.0,,8.0,,,,,a034c883-331b-49b3-ac48-4865a145c16e.extra_data.json,,2,,96.0,54,132,,62650131,2024-03-21 02:16:00.000,,62650170,2024-03-21 09:46:49.111,2024-03-21 04:28:34.279,UTC+0000,wFVf8Jbtp/,,com.sec.android.app.shealth,2024-03-21 04:28:00.000,a034c883-331b-49b3-ac48-4865a145c16e,
,79.0,21,35,2,1,8,253,108,0,0,0,,0,,,,bef2af85-0b1d-466a-9e25-a8ffc0b09a71,-1,,7,47.0,2024-03-21 09:01:00.000,5.0,,2024-03-21 04:34:00.000,,,77edb456-d1b7-4609-9e56-bc98cb85c418.extra_data.json,,2,,96.0,65,253,,62650131,2024-03-21 04:34:00.000,,62650170,2024-03-21 09:46:49.172,2024-03-21 09:13:17.253,UTC+0000,wFVf8Jbtp/,,com.sec.android.app.shealth,2024-03-21 08:47:00.000,77edb456-d1b7-4609-9e56-bc98cb85c418,
,73.0,31,31,18,7,27,385,227,0,15,0,,0,,,,,-1,,7,52.0,2024-03-22 05:56:00.000,19.0,,2024-03-21 23:07:00.000,,,d9276d85-bfa7-4287-9a7d-c2df9220833d.extra_data.json,,2,,92.0,76,385,,62650131,2024-03-21 23:07:00.000,,62650170,2024-03-22 06:23:28.737,2024-03-22 06:23:18.196,UTC+0000,wFVf8Jbtp/,,com.sec.android.app.shealth,2024-03-22 05:32:00.000,d9276d85-bfa7-4287-9a7d-c2df9220833d,
,80.0,11,19,5,0,10,187,94,0,3,0,,0,,,,,-1,,7,34.0,2024-03-22 18:23:00.000,12.0,,2024-03-22 14:49:00.000,,,4b768d17-aa2d-4acb-8345-ead3a44635c1.extra_data.json,,2,,94.0,59,187,,62650131,2024-03-22 14:49:00.000,,62650170,2024-03-22 18:48:22.419,2024-03-22 18:48:14.178,UTC+0000,wFVf8Jbtp/,,com.sec.android.app.shealth,2024-03-22 17:56:00.000,4b768d17-aa2d-4acb-8345-ead3a44635c1,
,76.0,53,53,13,9,44,546,240,1,25,0,,0,,,,,-1,,7,73.0,2024-03-23 07:21:00.000,18.0,,2024-03-22 21:37:00.000,,,6853603a-2f95-4d21-a90a-63470ca0756f.extra_data.json,,5,,91.0,83,546,,62650131,2024-03-22 21:37:00.000,,62650170,2024-03-23 07:34:29.146,2024-03-23 07:34:21.153,UTC+0000,wFVf8Jbtp/,,com.sec.android.app.shealth,2024-03-23 06:43:00.000,6853603a-2f95-4d21-a90a-63470ca0756f,
,55.0,64,96,6,25,36,528,193,1,23,0,,0,,,,,-1,,7,84.0,2024-03-24 07:35:00.000,14.0,,2024-03-23 22:26:00.000,,,52ffd6c0-90e9-4038-9e3f-21b46c6b798d.extra_data.json,,4,,93.0,90,528,,62650131,2024-03-23 22:26:00.000,,62650170,2024-03-24 08:21:34.201,2024-03-24 08:01:19.143,UTC+0000,wFVf8Jbtp/,,com.sec.android.app.shealth,2024-03-24 07:14:00.000,52ffd6c0-90e9-4038-9e3f-21b46c6b798d,
,70.0,0,1,0,0,10,79,0,0,9,0,,0,,,,,-1,,7,9.0,,24.0,,,,,b70c0b03-5d8c-4112-b2e7-8b6726d16e2f.extra_data.json,,0,,87.0,34,79,,62650131,2024-03-24 14:30:00.000,,62650170,2024-03-24 15:49:54.753,2024-03-24 15:49:46.360,UTC+0000,wFVf8Jbtp/,,com.sec.android.app.shealth,2024-03-24 15:49:00.000,b70c0b03-5d8c-4112-b2e7-8b6726d16e2f,
,81.0,70,70,4,4,21,507,285,0,6,0,,0,,,,,-1,,7,74.0,2024-03-25 07:35:00.000,7.0,,2024-03-24 22:45:00.000,,,ceed3e39-f08b-434b-9dbf-4656095f85e2.extra_data.json,,3,,95.0,95,507,,62650131,2024-03-24 22:45:00.000,,62650170,2024-03-25 08:00:19.230,2024-03-25 08:00:05.491,UTC+0000,wFVf8Jbtp/,,com.sec.android.app.shealth,2024-03-25 07:12:00.000,ceed3e39-f08b-434b-9dbf-4656095f85e2,
,72.0,34,69,9,13,35,467,103,1,18,0,,0,,,,,-1,,7,75.0,2024-03-26 07:16:00.000,20.0,,2024-03-25 23:11:00.000,,,5351abf7-2dcb-4288-8fe1-35af24b3d10e.extra_data.json,,5,,92.0,86,467,,62650131,2024-03-25 23:11:00.000,,62650170,2024-03-26 07:40:11.783,2024-03-26 07:21:45.340,UTC+0000,wFVf8Jbtp/,,com.sec.android.app.shealth,2024-03-26 06:58:00.000,5351abf7-2dcb-4288-8fe1-35af24b3d10e,
,60.0,40,75,1,20,28,495,106,1,18,0,,0,,,,,-1,,7,80.0,2024-03-27 06:58:00.000,10.0,,2024-03-26 22:22:00.000,,,56325b03-07d6-4292-8947-b25cf84395aa.extra_data.json,,4,,94.0,91,495,,62650131,2024-03-26 22:22:00.000,,62650170,2024-03-27 07:19:36.683,2024-03-27 07:16:39.138,UTC+0000,wFVf8Jbtp/,,com.sec.android.app.shealth,2024-03-27 06:37:00.000,56325b03-07d6-4292-8947-b25cf84395aa,
,75.0,7,7,3,0,5,96,85,0,3,0,,0,,,,,-1,,7,20.0,2024-03-27 17:59:00.000,12.0,,2024-03-27 16:13:00.000,,,f3ea2374-2225-44d4-a943-ce355e0c8265.extra_data.json,,1,,94.0,54,96,,62650131,2024-03-27 16:13:00.000,,62650170,2024-03-27 18:02:39.011,2024-03-27 18:02:30.383,UTC+0000,wFVf8Jbtp/,,com.sec.android.app.shealth,2024-03-27 17:49:00.000,f3ea2374-2225-44d4-a943-ce355e0c8265,
,85.0,41,63,0,0,15,350,89,0,0,2,,0,,,,,-1,,7,71.0,2024-03-28 05:06:00.000,4.0,,2024-03-27 22:53:00.000,,,8abe9360-5d98-4471-a9bd-385d4d7bc3ce.extra_data.json,,3,,95.0,86,352,,62650131,2024-03-27 22:53:00.000,,62650170,2024-03-28 07:12:34.098,2024-03-28 05:31:47.177,UTC+0000,wFVf8Jbtp/,,com.sec.android.app.shealth,2024-03-28 04:45:00.000,8abe9360-5d98-4471-a9bd-385d4d7bc3ce,
,70.0,0,5,0,0,8,85,0,0,3,0,,0,,,,,-1,,7,14.0,2024-03-28 13:41:00.000,13.0,,2024-03-28 11:53:00.000,,,fc444a9b-6d99-4b26-b74f-b8eeb89c80cd.extra_data.json,,0,,90.0,39,85,,62650131,2024-03-28 11:53:00.000,,62650170,2024-03-28 14:06:41.765,2024-03-28 14:06:34.114,UTC+0000,wFVf8Jbtp/,,com.sec.android.app.shealth,2024-03-28 13:18:00.000,fc444a9b-6d99-4b26-b74f-b8eeb89c80cd,
,87.0,20,54,3,3,10,355,69,0,0,2,,0,,,,,-1,,7,62.0,2024-03-29 06:20:00.000,7.0,,2024-03-28 23:42:00.000,,,0e97fa7d-cf1a-4fcd-b1f5-75c36a58f35a.extra_data.json,,4,,96.0,83,357,,62650131,2024-03-28 23:42:00.000,,62650170,2024-03-29 06:50:09.606,2024-03-29 06:50:00.911,UTC+0000,wFVf8Jbtp/,,com.sec.android.app.shealth,2024-03-29 05:39:00.000,0e97fa7d-cf1a-4fcd-b1f5-75c36a58f35a,
,73.0,0,0,5,2,7,57,57,0,5,0,,0,,,,,-1,,7,6.0,2024-03-29 08:20:00.000,30.0,,2024-03-29 07:16:00.000,,,a8117a12-dd27-4af5-a1a0-525968f64941.extra_data.json,,1,,87.0,33,57,,62650131,2024-03-29 07:16:00.000,,62650170,2024-03-29 08:27:39.776,2024-03-29 08:27:32.108,UTC+0000,wFVf8Jbtp/,,com.sec.android.app.shealth,2024-03-29 08:13:00.000,a8117a12-dd27-4af5-a1a0-525968f64941,
,83.0,8,43,1,2,11,334,74,0,0,14,,0,,,,,-1,,7,51.0,2024-03-30 06:30:00.000,5.0,,2024-03-29 23:43:00.000,,,ee77b9c5-e444-42ed-a77c-c5e73d9d818c.extra_data.json,,3,,92.0,79,348,,62650131,2024-03-29 23:43:00.000,,62650170,2024-03-30 08:16:27.055,2024-03-30 06:57:56.136,UTC+0000,wFVf8Jbtp/,,com.sec.android.app.shealth,2024-03-30 05:31:00.000,ee77b9c5-e444-42ed-a77c-c5e73d9d818c,
,61.0,44,47,4,9,24,404,222,1,10,0,,0,,,,,-1,,7,60.0,2024-03-31 06:16:00.000,10.0,,2024-03-31 01:22:00.000,,,5ed910fb-f275-4f94-bbbe-fa0e2e17a219.extra_data.json,,2,,94.0,82,404,,62650131,2024-03-31 01:22:00.000,,62650170,2024-03-31 06:16:54.268,2024-03-31 06:16:43.436,UTC+0100,wFVf8Jbtp/,,com.sec.android.app.shealth,2024-03-31 06:06:00.000,5ed910fb-f275-4f94-bbbe-fa0e2e17a219,
,95.0,14,29,77,5,103,528,203,0,83,0,,0,,,,e4790f07-9aab-4854-9d94-55c1d8f65d02,-1,,7,61.0,2024-04-01 04:17:00.000,73.0,,2024-03-31 19:22:00.000,,,6d42bf95-6c2b-45ac-943b-1553b631c095.extra_data.json,,6,,80.0,78,528,,62650131,2024-03-31 19:22:00.000,,62650170,2024-04-01 07:03:46.991,2024-04-01 04:17:42.569,UTC+0100,wFVf8Jbtp/,,com.sec.android.app.shealth,2024-04-01 04:10:00.000,6d42bf95-6c2b-45ac-943b-1553b631c095,
,72.0,33,33,0,3,3,97,97,0,0,1,,0,,,,e4790f07-9aab-4854-9d94-55c1d8f65d02,-1,,7,57.0,2024-04-01 06:44:00.000,3.0,,2024-04-01 04:41:00.000,,,53b9ceb6-feb1-41fa-91ec-9500d1f63574.extra_data.json,,1,,96.0,66,98,,62650131,2024-04-01 04:41:00.000,,62650170,2024-04-01 07:03:47.145,2024-04-01 07:03:38.138,UTC+0100,wFVf8Jbtp/,,com.sec.android.app.shealth,2024-04-01 06:19:00.000,53b9ceb6-feb1-41fa-91ec-9500d1f63574,
,75.0,71,74,7,5,21,297,229,0,6,0,,0,,,,,-1,,7,67.0,2024-04-02 03:06:00.000,12.0,,2024-04-01 21:50:00.000,,,84cc189a-3a3f-4272-8394-8221905593f4.extra_data.json,,2,,92.0,71,297,,62650131,2024-04-01 21:50:00.000,,62650170,2024-04-02 05:01:33.870,2024-04-02 03:15:18.154,UTC+0100,wFVf8Jbtp/,,com.sec.android.app.shealth,2024-04-02 02:47:00.000,84cc189a-3a3f-4272-8394-8221905593f4,
,89.0,18,47,1,1,13,362,106,0,0,0,,0,,,,,-1,,7,56.0,2024-04-03 03:55:00.000,5.0,,2024-04-02 21:39:00.000,,,84e8ea59-3ed0-4bc7-a501-3938f62488a8.extra_data.json,,4,,96.0,84,362,,62650131,2024-04-02 21:39:00.000,,62650170,2024-04-03 09:44:12.738,2024-04-03 04:00:38.122,UTC+0100,wFVf8Jbtp/,,com.sec.android.app.shealth,2024-04-03 03:41:00.000,84e8ea59-3ed0-4bc7-a501-3938f62488a8,
,76.0,48,48,23,4,40,457,205,1,24,0,,0,,,,,-1,,7,66.0,2024-04-04 05:33:00.000,25.0,,2024-04-03 21:16:00.000,,,4147cf63-a2ae-45e5-a728-c6db04b6fdbd.extra_data.json,,4,,91.0,84,457,,62650131,2024-04-03 21:16:00.000,,62660010,2024-04-04 05:33:23.278,2024-04-04 05:33:11.676,UTC+0100,wFVf8Jbtp/,,com.sec.android.app.shealth,2024-04-04 04:53:00.000,4147cf63-a2ae-45e5-a728-c6db04b6fdbd,
,75.0,7,13,8,0,24,111,70,0,23,0,,0,,,,,-1,,7,27.0,,54.0,,,,,e56ecddf-c979-47e9-92ee-9be95400a1dd.extra_data.json,,1,,78.0,51,111,,62650131,2024-04-04 14:39:00.000,,62660010,2024-04-04 16:58:41.657,2024-04-04 16:58:35.136,UTC+0100,wFVf8Jbtp/,,com.sec.android.app.shealth,2024-04-04 16:30:00.000,e56ecddf-c979-47e9-92ee-9be95400a1dd,
,66.0,42,84,1,19,27,438,86,1,16,0,,0,,,,,-1,,7,83.0,2024-04-05 05:19:00.000,11.0,,2024-04-04 21:24:00.000,,,4c1233a8-c3cc-40ea-8a9a-3f6c7aee66df.extra_data.json,,5,,93.0,91,438,,62650131,2024-04-04 21:24:00.000,,62660010,2024-04-05 08:45:14.124,2024-04-05 05:49:47.232,UTC+0100,wFVf8Jbtp/,,com.sec.android.app.shealth,2024-04-05 04:42:00.000,4c1233a8-c3cc-40ea-8a9a-3f6c7aee66df,
,87.0,66,82,38,3,54,521,228,0,34,0,,0,,,,,-1,,7,79.0,2024-04-06 06:11:00.000,34.0,,2024-04-05 21:09:00.000,,,f6ebb770-c9b5-45d0-9d60-7072ca985dec.extra_data.json,,4,,89.0,88,521,,62650131,2024-04-05 21:09:00.000,,62660010,2024-04-06 06:37:43.910,2024-04-06 06:23:59.294,UTC+0100,wFVf8Jbtp/,,com.sec.android.app.shealth,2024-04-06 05:50:00.000,f6ebb770-c9b5-45d0-9d60-7072ca985dec,
,84.0,21,21,5,6,21,451,186,0,0,0,,0,,,,,-1,,7,54.0,2024-04-07 05:09:00.000,7.0,,2024-04-06 21:30:00.000,,,5992ff92-d35a-42a4-83af-99c9c659f361.extra_data.json,,4,,95.0,86,451,,62650131,2024-04-06 21:30:00.000,,62660010,2024-04-07 05:10:07.134,2024-04-07 05:09:45.404,UTC+0100,wFVf8Jbtp/,,com.sec.android.app.shealth,2024-04-07 05:01:00.000,5992ff92-d35a-42a4-83af-99c9c659f361,
,70.0,0,8,0,0,7,66,0,0,4,0,,0,,,,,-1,,7,19.0,2024-04-07 07:02:00.000,17.0,,2024-04-07 05:45:00.000,,,b39b3083-c840-4ee0-aafc-8e6007545b0a.extra_data.json,,0,,89.0,38,66,,62650131,2024-04-07 05:45:00.000,,62660010,2024-04-07 07:11:32.406,2024-04-07 07:11:26.823,UTC+0100,wFVf8Jbtp/,,com.sec.android.app.shealth,2024-04-07 06:51:00.000,b39b3083-c840-4ee0-aafc-8e6007545b0a,
,87.0,14,69,8,3,33,517,82,0,11,0,,0,,,,,-1,,7,72.0,2024-04-08 05:10:00.000,18.0,,2024-04-07 20:24:00.000,,,0871cb43-b90e-46f8-8653-125948384aac.extra_data.json,,4,,93.0,86,517,,62650131,2024-04-07 20:24:00.000,,62660010,2024-04-08 05:10:27.253,2024-04-08 05:10:09.687,UTC+0100,wFVf8Jbtp/,,com.sec.android.app.shealth,2024-04-08 05:01:00.000,0871cb43-b90e-46f8-8653-125948384aac,
,88.0,30,76,0,2,10,376,62,0,0,0,,0,,,,73ae1c9e-05fe-4297-ba30-96819182617f,-1,,7,77.0,2024-04-09 04:21:00.000,3.0,,2024-04-08 21:47:00.000,,,e2eaef49-2f06-4983-9b13-caa17ba7f708.extra_data.json,,4,,97.0,90,376,,62650131,2024-04-08 21:47:00.000,,62660010,2024-04-09 06:17:35.077,2024-04-09 04:45:26.106,UTC+0100,wFVf8Jbtp/,,com.sec.android.app.shealth,2024-04-09 04:03:00.000,e2eaef49-2f06-4983-9b13-caa17ba7f708,
,72.0,11,11,3,3,6,74,74,0,0,0,,0,,,,73ae1c9e-05fe-4297-ba30-96819182617f,-1,,7,28.0,2024-04-09 06:09:00.000,12.0,,2024-04-09 04:46:00.000,,,8623a3c9-da8d-4092-863a-810e3697ed8a.extra_data.json,,1,,91.0,58,74,,62650131,2024-04-09 04:46:00.000,,62660010,2024-04-09 06:17:35.601,2024-04-09 06:16:56.170,UTC+0100,wFVf8Jbtp/,,com.sec.android.app.shealth,2024-04-09 06:00:00.000,8623a3c9-da8d-4092-863a-810e3697ed8a,
,70.0,0,8,0,0,7,84,0,0,3,1,,0,,,,,-1,,7,18.0,2024-04-09 12:30:00.000,12.0,,2024-04-09 10:47:00.000,,,b0e89b84-acb9-48c7-bf75-d89d46757586.extra_data.json,,0,,91.0,39,85,,62650131,2024-04-09 10:47:00.000,,62660010,2024-04-09 12:55:10.820,2024-04-09 12:55:03.130,UTC+0100,wFVf8Jbtp/,,com.sec.android.app.shealth,2024-04-09 12:12:00.000,b0e89b84-acb9-48c7-bf75-d89d46757586,
,82.0,20,38,2,3,11,349,89,0,0,0,,0,,,,,-1,,7,55.0,2024-04-10 03:57:00.000,5.0,,2024-04-09 21:48:00.000,,,156d5edf-a4fd-4b1c-86b1-5ca9e796b17a.extra_data.json,,3,,96.0,80,349,,62650131,2024-04-09 21:48:00.000,,62660010,2024-04-10 04:55:18.178,2024-04-10 04:22:07.126,UTC+0100,wFVf8Jbtp/,,com.sec.android.app.shealth,2024-04-10 03:37:00.000,156d5edf-a4fd-4b1c-86b1-5ca9e796b17a,
,66.0,0,12,0,4,5,118,24,1,4,0,,0,,,,,-1,,7,22.0,,8.0,,,,,57c47205-d89a-4338-9f97-610f653cc221.extra_data.json,,2,,95.0,49,118,,62650131,2024-04-10 14:00:00.000,,62660010,2024-04-10 15:58:10.582,2024-04-10 15:58:01.877,UTC+0100,wFVf8Jbtp/,,com.sec.android.app.shealth,2024-04-10 15:58:00.000,57c47205-d89a-4338-9f97-610f653cc221,
,84.0,4,25,65,1,109,519,238,0,92,0,,0,,,,,-1,,7,57.0,2024-04-11 05:48:00.000,66.0,,2024-04-10 20:54:00.000,,,5a162860-c99f-4f7b-baa7-528ea4ad08b0.extra_data.json,,3,,78.0,74,519,,62650131,2024-04-10 20:54:00.000,,62660010,2024-04-11 06:00:33.495,2024-04-11 06:00:24.166,UTC+0100,wFVf8Jbtp/,,com.sec.android.app.shealth,2024-04-11 05:33:00.000,5a162860-c99f-4f7b-baa7-528ea4ad08b0,
,88.0,96,98,0,2,13,443,204,0,0,0,,0,,,,,-1,,7,85.0,2024-04-12 06:07:00.000,3.0,,2024-04-11 21:27:00.000,,,c3992e88-3326-4608-89a7-0d0f545c11d4.extra_data.json,,4,,97.0,99,443,,62650131,2024-04-11 21:27:00.000,,62660010,2024-04-12 06:19:33.847,2024-04-12 06:19:26.330,UTC+0100,wFVf8Jbtp/,,com.sec.android.app.shealth,2024-04-12 04:50:00.000,c3992e88-3326-4608-89a7-0d0f545c11d4,
,72.0,20,44,14,8,68,353,65,1,53,0,,0,,,,,-1,,7,60.0,2024-04-13 05:35:00.000,56.0,,2024-04-12 23:18:00.000,,,6800b8e1-8bca-4bb5-911e-6da2ccbce589.extra_data.json,,4,,80.0,69,353,,62650131,2024-04-12 23:18:00.000,,62660010,2024-04-13 05:50:47.959,2024-04-13 05:50:37.428,UTC+0100,wFVf8Jbtp/,,com.sec.android.app.shealth,2024-04-13 05:11:00.000,6800b8e1-8bca-4bb5-911e-6da2ccbce589,
,71.0,40,67,2,14,27,472,112,1,12,0,,0,,,,,-1,,7,76.0,2024-04-14 07:07:00.000,10.0,,2024-04-13 23:08:00.000,,,a0b94025-7fd9-46cf-adc8-068d057c5dc0.extra_data.json,,5,,94.0,88,472,,62650131,2024-04-13 23:08:00.000,,62660010,2024-04-14 07:30:38.351,2024-04-14 07:12:09.133,UTC+0100,wFVf8Jbtp/,,com.sec.android.app.shealth,2024-04-14 07:00:00.000,a0b94025-7fd9-46cf-adc8-068d057c5dc0,
,75.0,15,15,6,0,11,129,110,0,9,0,,0,,,,,-1,,7,30.0,,21.0,,,,,8150021c-8543-4e4e-a151-3fb52b2077de.extra_data.json,,1,,91.0,54,129,,62650131,2024-04-14 13:10:00.000,,62660010,2024-04-14 15:20:00.595,2024-04-14 15:19:51.569,UTC+0100,wFVf8Jbtp/,,com.sec.android.app.shealth,2024-04-14 15:19:00.000,8150021c-8543-4e4e-a151-3fb52b2077de,
,57.0,28,85,1,13,33,451,63,2,21,0,,0,,,,,-1,,7,82.0,2024-04-15 05:34:00.000,14.0,,2024-04-14 21:35:00.000,,,be476dd6-aef4-416e-8408-0163b9a0acbb.extra_data.json,,4,,92.0,89,451,,62650131,2024-04-14 21:35:00.000,,62660010,2024-04-15 05:58:42.457,2024-04-15 05:58:35.183,UTC+0100,wFVf8Jbtp/,,com.sec.android.app.shealth,2024-04-15 05:06:00.000,be476dd6-aef4-416e-8408-0163b9a0acbb,
,73.0,57,57,28,2,31,194,194,0,28,1,,0,,,,734fe555-2389-4214-b2d7-3dfae253ddf9,-1,,7,61.0,2024-04-16 01:43:00.000,45.0,,2024-04-15 22:00:00.000,,,13086825-f4e9-4202-87a6-3b25eabd2fdb.extra_data.json,,1,,83.0,57,195,,62650131,2024-04-15 22:00:00.000,,62660010,2024-04-16 06:28:31.107,2024-04-16 02:09:58.117,UTC+0100,wFVf8Jbtp/,,com.sec.android.app.shealth,2024-04-16 01:15:00.000,13086825-f4e9-4202-87a6-3b25eabd2fdb,
,65.0,0,0,21,5,33,238,139,1,28,0,,0,,,,734fe555-2389-4214-b2d7-3dfae253ddf9,-1,,7,24.0,,41.0,,,,,52da20b4-8681-4330-8b30-657201e689a3.extra_data.json,,2,,86.0,34,238,,62650131,2024-04-16 02:04:00.000,,62660010,2024-04-16 06:28:31.354,2024-04-16 06:07:15.117,UTC+0100,wFVf8Jbtp/,,com.sec.android.app.shealth,2024-04-16 06:02:00.000,52da20b4-8681-4330-8b30-657201e689a3,
,64.0,19,19,2,6,11,158,93,1,4,0,,0,,,,,-1,,7,36.0,,12.0,,,,,7efdff2d-a13b-4f8a-88dd-6797c3281e58.extra_data.json,,2,,93.0,54,158,,62650131,2024-04-16 13:09:00.000,,62660010,2024-04-16 15:47:22.324,2024-04-16 15:47:14.720,UTC+0100,wFVf8Jbtp/,,com.sec.android.app.shealth,2024-04-16 15:47:00.000,7efdff2d-a13b-4f8a-88dd-6797c3281e58,
,83.0,23,41,50,2,57,368,138,0,49,0,,0,,,,,-1,,7,55.0,,65.0,,,,,7b7fc74c-d129-486e-b0ad-033022281b92.extra_data.json,,3,,84.0,71,368,,62650131,2024-04-16 22:48:00.000,,62660010,2024-04-17 06:08:27.448,2024-04-17 04:56:07.219,UTC+0100,wFVf8Jbtp/,,com.sec.android.app.shealth,2024-04-17 04:56:00.000,7b7fc74c-d129-486e-b0ad-033022281b92,
,70.0,0,20,0,0,0,35,0,0,0,0,,0,,,,,-1,,7,61.0,,0.0,,,,,9fb21a44-d25d-4dd6-9c78-434b68071733.extra_data.json,,0,,100.0,47,35,,62650131,2024-04-17 05:11:00.000,,62660010,2024-04-17 06:08:27.529,2024-04-17 06:03:00.178,UTC+0100,wFVf8Jbtp/,,com.sec.android.app.shealth,2024-04-17 05:46:00.000,9fb21a44-d25d-4dd6-9c78-434b68071733,
,75.0,25,48,17,5,30,365,129,1,19,0,,0,,,,,-1,,7,57.0,,27.0,,,,,8015c141-8329-49fa-84b1-88b0a35a133f.extra_data.json,,4,,91.0,73,365,,62650131,2024-04-17 22:24:00.000,,62660010,2024-04-18 04:58:05.737,2024-04-18 04:34:33.121,UTC+0100,wFVf8Jbtp/,,com.sec.android.app.shealth,2024-04-18 04:29:00.000,8015c141-8329-49fa-84b1-88b0a35a133f,
,91.0,13,47,0,4,25,355,93,0,18,0,,0,,,,,-1,,7,54.0,2024-04-19 04:27:00.000,12.0,,2024-04-18 21:56:00.000,,,8f924472-085f-401f-9cfb-6110b2668275.extra_data.json,,5,,92.0,77,355,,62650131,2024-04-18 21:56:00.000,,62660010,2024-04-19 04:50:44.929,2024-04-19 04:27:35.259,UTC+0100,wFVf8Jbtp/,,com.sec.android.app.shealth,2024-04-19 03:51:00.000,8f924472-085f-401f-9cfb-6110b2668275,
,61.0,0,0,3,4,7,65,65,1,4,0,,0,,,,,-1,,7,7.0,,22.0,,,,,f8afdadd-f9ae-4fdf-851a-1d68ebad531d.extra_data.json,,1,,89.0,33,65,,62650131,2024-04-20 08:12:00.000,,62660010,2024-04-20 09:17:49.185,2024-04-20 09:17:43.923,UTC+0100,wFVf8Jbtp/,,com.sec.android.app.shealth,2024-04-20 09:17:00.000,f8afdadd-f9ae-4fdf-851a-1d68ebad531d,
,72.0,19,47,2,3,26,493,85,1,14,0,,0,,,,,-1,,7,68.0,2024-04-20 06:39:00.000,10.0,,2024-04-19 22:08:00.000,,,46046cce-bc51-4da4-8b2c-150d1abdff74.extra_data.json,,3,,94.0,85,493,,62650131,2024-04-19 22:08:00.000,,62660010,2024-04-20 06:51:23.250,2024-04-20 06:51:15.907,UTC+0100,wFVf8Jbtp/,,com.sec.android.app.shealth,2024-04-20 06:21:00.000,46046cce-bc51-4da4-8b2c-150d1abdff74,
,84.0,36,56,1,1,16,370,112,0,4,0,,0,,,,,-1,,7,65.0,2024-04-21 05:47:00.000,6.0,,2024-04-20 23:10:00.000,,,2c7c62a3-ad8a-46c9-a10b-b9f410cb522e.extra_data.json,,3,,95.0,89,370,,62650131,2024-04-20 23:10:00.000,,62660010,2024-04-21 06:07:15.240,2024-04-21 06:07:06.133,UTC+0100,wFVf8Jbtp/,,com.sec.android.app.shealth,2024-04-21 05:20:00.000,2c7c62a3-ad8a-46c9-a10b-b9f410cb522e,
,70.0,0,3,0,0,4,106,0,0,0,0,,0,,,,,-1,,7,13.0,2024-04-21 17:45:00.000,4.0,,2024-04-21 15:54:00.000,,,3ac933ce-37a0-4e10-acce-61a5c57ec309.extra_data.json,,0,,96.0,41,106,,62650131,2024-04-21 15:54:00.000,,62660010,2024-04-21 17:45:12.830,2024-04-21 17:45:05.042,UTC+0100,wFVf8Jbtp/,,com.sec.android.app.shealth,2024-04-21 17:40:00.000,3ac933ce-37a0-4e10-acce-61a5c57ec309,
,84.0,8,52,33,1,69,443,108,0,59,0,,0,,,,,-1,,7,59.0,2024-04-22 05:12:00.000,59.0,,2024-04-21 21:40:00.000,,,ce2e214c-3d5b-494b-8cca-f6d26742cf35.extra_data.json,,3,,84.0,83,443,,62650131,2024-04-21 21:40:00.000,,62660010,2024-04-22 05:12:27.711,2024-04-22 05:12:16.387,UTC+0100,wFVf8Jbtp/,,com.sec.android.app.shealth,2024-04-22 05:03:00.000,ce2e214c-3d5b-494b-8cca-f6d26742cf35,
,69.0,80,104,2,21,34,554,150,1,17,1,,0,,,,,-1,,7,96.0,2024-04-24 08:23:00.000,11.0,,2024-04-23 22:42:00.000,,,5f0c7339-3cc4-4914-8ddb-c0dac8ae07ed.extra_data.json,,6,,93.0,87,555,,62650131,2024-04-23 22:42:00.000,,62660010,2024-04-24 09:06:13.641,2024-04-24 08:52:38.166,UTC+0100,wFVf8Jbtp/,,com.sec.android.app.shealth,2024-04-24 07:57:00.000,5f0c7339-3cc4-4914-8ddb-c0dac8ae07ed,
,70.0,0,34,0,0,5,82,0,0,3,0,,0,,,,,-1,,7,50.0,2024-04-24 14:37:00.000,10.0,,2024-04-24 13:10:00.000,,,a1f9558f-dd88-4486-b834-39c6cd18ecdd.extra_data.json,,0,,93.0,43,82,,62650131,2024-04-24 13:10:00.000,,62660010,2024-04-24 14:38:29.086,2024-04-24 14:38:23.840,UTC+0100,wFVf8Jbtp/,,com.sec.android.app.shealth,2024-04-24 14:32:00.000,a1f9558f-dd88-4486-b834-39c6cd18ecdd,
,81.0,24,48,10,4,29,372,153,0,6,0,,0,,,,,-1,,7,56.0,2024-04-25 06:23:00.000,16.0,,2024-04-24 23:52:00.000,,,825e3d10-7840-45a2-85fd-58f4d13841a5.extra_data.json,,3,,92.0,79,372,,62650131,2024-04-24 23:52:00.000,,62660010,2024-04-25 06:47:59.750,2024-04-25 06:47:49.180,UTC+0100,wFVf8Jbtp/,,com.sec.android.app.shealth,2024-04-25 06:04:00.000,825e3d10-7840-45a2-85fd-58f4d13841a5,
,70.0,0,16,0,0,8,86,0,0,4,0,,0,,,,,-1,,7,27.0,2024-04-25 15:55:00.000,14.0,,2024-04-25 14:25:00.000,,,5ff5e7fc-3b30-48ca-bca8-4dc6108e4557.extra_data.json,,0,,90.0,43,86,,62650131,2024-04-25 14:25:00.000,,62660010,2024-04-25 15:55:54.763,2024-04-25 15:55:48.967,UTC+0100,wFVf8Jbtp/,,com.sec.android.app.shealth,2024-04-25 15:51:00.000,5ff5e7fc-3b30-48ca-bca8-4dc6108e4557,
,70.0,0,20,0,0,0,51,0,0,0,0,,0,,,,0f3a95fa-bcc8-49d6-a6a6-430bf63c445a,-1,,7,44.0,,0.0,,,,,57feb88b-2e93-4d3b-90d3-99d54032c981.extra_data.json,,0,,100.0,47,51,,62650131,2024-04-26 03:13:00.000,,62660010,2024-04-26 05:13:13.740,2024-04-26 04:11:11.175,UTC+0100,wFVf8Jbtp/,,com.sec.android.app.shealth,2024-04-26 04:04:00.000,57feb88b-2e93-4d3b-90d3-99d54032c981,
,78.0,26,26,1,2,4,182,106,0,0,0,,0,,,,0f3a95fa-bcc8-49d6-a6a6-430bf63c445a,-1,,7,42.0,2024-04-26 02:59:00.000,3.0,,2024-04-25 23:51:00.000,,,30be36ab-6501-4155-80ea-471b1701b95a.extra_data.json,,2,,97.0,63,182,,62650131,2024-04-25 23:51:00.000,,62660010,2024-04-26 05:13:13.659,2024-04-26 03:04:48.109,UTC+0100,wFVf8Jbtp/,,com.sec.android.app.shealth,2024-04-26 02:53:00.000,30be36ab-6501-4155-80ea-471b1701b95a,
,57.0,7,7,6,8,14,74,74,1,11,0,,0,,,,,-1,,7,21.0,,42.0,,,,,ece3a4cf-9346-44e4-b0b2-3eff682402ce.extra_data.json,,1,,81.0,49,74,,62650131,2024-04-26 21:38:00.000,,62660010,2024-04-26 22:52:29.890,2024-04-26 22:52:23.223,UTC+0100,wFVf8Jbtp/,,com.sec.android.app.shealth,2024-04-26 22:52:00.000,ece3a4cf-9346-44e4-b0b2-3eff682402ce,
,65.0,10,35,6,5,11,227,132,1,3,0,,0,,,,,-1,,7,41.0,2024-04-27 06:38:00.000,11.0,,2024-04-27 02:32:00.000,,,e1229a9a-56eb-4292-97d9-22708db53431.extra_data.json,,2,,95.0,63,227,,62650131,2024-04-27 02:32:00.000,,62660010,2024-04-27 10:29:04.351,2024-04-27 07:03:49.772,UTC+0800,wFVf8Jbtp/,,com.sec.android.app.shealth,2024-04-27 06:19:00.000,e1229a9a-56eb-4292-97d9-22708db53431,
,75.0,59,78,5,5,20,450,137,1,7,0,,0,,,,,-1,,7,80.0,2024-04-27 20:22:00.000,10.0,,2024-04-27 11:48:00.000,,,6f6bda57-254c-47f3-87c4-13ce78c7386e.extra_data.json,,4,,95.0,96,450,,62650131,2024-04-27 11:48:00.000,,62660010,2024-04-27 20:22:49.297,2024-04-27 20:22:40.005,UTC+0800,wFVf8Jbtp/,,com.sec.android.app.shealth,2024-04-27 19:18:00.000,6f6bda57-254c-47f3-87c4-13ce78c7386e,
,81.0,40,49,12,4,28,474,243,0,3,0,,0,,,,,-1,,7,64.0,2024-04-28 21:21:00.000,11.0,,2024-04-28 13:03:00.000,,,e21daf16-f404-4d52-b2f5-839de44b2b46.extra_data.json,,3,,94.0,89,474,,62650131,2024-04-28 13:03:00.000,,62660010,2024-04-28 21:45:40.378,2024-04-28 21:45:25.147,UTC+0800,wFVf8Jbtp/,,com.sec.android.app.shealth,2024-04-28 20:57:00.000,e21daf16-f404-4d52-b2f5-839de44b2b46,
,75.0,20,20,0,0,2,92,92,0,0,6,,0,,,,,-1,,7,40.0,2024-04-29 13:27:00.000,2.0,,2024-04-29 11:33:00.000,,,e80e4cf0-1352-4c83-9a2d-4f9f4380bab3.extra_data.json,,1,,93.0,64,98,,62660011,2024-04-29 11:33:00.000,,62660010,2024-04-29 13:52:01.405,2024-04-29 13:51:54.110,UTC+0800,wFVf8Jbtp/,,com.sec.android.app.shealth,2024-04-29 13:11:00.000,e80e4cf0-1352-4c83-9a2d-4f9f4380bab3,
,69.0,65,65,3,6,27,418,198,1,13,0,,0,,,,,-1,,7,70.0,2024-04-29 22:52:00.000,11.0,,2024-04-29 15:47:00.000,,,4c5cabc9-c8cb-4a5f-8d18-e485771943c7.extra_data.json,,3,,93.0,90,418,,62660011,2024-04-29 15:47:00.000,,62660010,2024-04-29 22:54:29.581,2024-04-29 22:54:20.143,UTC+0800,wFVf8Jbtp/,,com.sec.android.app.shealth,2024-04-29 22:45:00.000,4c5cabc9-c8cb-4a5f-8d18-e485771943c7,
,73.0,13,13,4,2,6,115,115,0,4,0,,0,,,,,-1,,7,27.0,2024-04-30 07:38:00.000,12.0,,2024-04-30 05:39:00.000,,,068436e6-0e09-46dd-ae88-ec1e5f94e1d6.extra_data.json,,1,,94.0,56,115,,62660011,2024-04-30 05:39:00.000,,62660010,2024-04-30 07:45:53.597,2024-04-30 07:43:40.161,UTC+0800,wFVf8Jbtp/,,com.sec.android.app.shealth,2024-04-30 07:34:00.000,068436e6-0e09-46dd-ae88-ec1e5f94e1d6,
,77.0,30,39,6,3,21,260,131,0,4,16,,0,,,,,-1,,7,50.0,2024-04-30 20:50:00.000,14.0,,2024-04-30 15:40:00.000,,,35481d7b-265d-4850-9a7c-edc361687338.extra_data.json,,2,,86.0,67,276,,62660011,2024-04-30 15:40:00.000,,62660010,2024-04-30 22:00:48.108,2024-04-30 21:15:31.150,UTC+0800,wFVf8Jbtp/,,com.sec.android.app.shealth,2024-04-30 20:16:00.000,35481d7b-265d-4850-9a7c-edc361687338,
,75.0,25,25,0,0,8,94,71,0,6,0,,0,,,,,-1,,7,50.0,2024-04-30 23:56:00.000,15.0,,2024-04-30 22:09:00.000,,,a302b177-1e77-42cc-9dfd-b8a952192a6d.extra_data.json,,1,,91.0,58,94,,62660011,2024-04-30 22:09:00.000,,62660010,2024-05-01 00:23:39.174,2024-05-01 00:23:32.169,UTC+0800,wFVf8Jbtp/,,com.sec.android.app.shealth,2024-04-30 23:43:00.000,a302b177-1e77-42cc-9dfd-b8a952192a6d,
,73.0,23,23,0,2,2,94,94,0,0,0,,0,,,,,-1,,7,44.0,2024-05-01 09:27:00.000,2.0,,2024-05-01 07:35:00.000,,,aeddcd19-9390-456f-a9e6-1cfd2e84f87c.extra_data.json,,1,,97.0,64,94,,62660011,2024-05-01 07:35:00.000,,62660010,2024-05-01 09:54:48.111,2024-05-01 09:54:41.377,UTC+0800,wFVf8Jbtp/,,com.sec.android.app.shealth,2024-05-01 09:09:00.000,aeddcd19-9390-456f-a9e6-1cfd2e84f87c,
,86.0,38,61,1,9,20,370,123,0,0,0,,0,,,,,-1,,7,66.0,2024-05-01 22:32:00.000,6.0,,2024-05-01 15:58:00.000,,,d6867872-0ecb-4a8f-a24a-73979a13e7f4.extra_data.json,,5,,94.0,85,370,,62660011,2024-05-01 15:58:00.000,,62660010,2024-05-02 00:54:30.258,2024-05-01 22:49:55.177,UTC+0800,wFVf8Jbtp/,,com.sec.android.app.shealth,2024-05-01 22:08:00.000,d6867872-0ecb-4a8f-a24a-73979a13e7f4,
,72.0,14,54,16,8,37,381,97,1,21,0,,0,,,,,-1,,7,58.0,2024-05-02 21:32:00.000,32.0,,2024-05-02 14:53:00.000,,,4ba0ef86-bced-4554-8728-9ef3b52cc832.extra_data.json,,4,,90.0,75,381,,62660011,2024-05-02 14:53:00.000,,62660010,2024-05-02 22:17:31.035,2024-05-02 21:41:26.189,UTC+0800,wFVf8Jbtp/,,com.sec.android.app.shealth,2024-05-02 21:14:00.000,4ba0ef86-bced-4554-8728-9ef3b52cc832,
,46.0,47,91,2,29,44,421,132,2,25,0,,0,,,,,-1,,7,78.0,2024-05-03 23:02:00.000,18.0,,2024-05-03 15:29:00.000,,,611d36ff-a39c-4436-8778-0fd8d6f542c3.extra_data.json,,5,,89.0,84,421,,62660011,2024-05-03 15:29:00.000,,62660010,2024-05-03 23:17:45.904,2024-05-03 23:17:34.353,UTC+0800,wFVf8Jbtp/,,com.sec.android.app.shealth,2024-05-03 22:30:00.000,611d36ff-a39c-4436-8778-0fd8d6f542c3,
,74.0,0,0,2,1,5,50,50,0,0,1,,0,,,,,-1,,7,5.0,2024-05-04 08:29:00.000,14.0,,2024-05-04 07:23:00.000,,,6fac6bec-20c7-40fe-a494-a85aed1f8863.extra_data.json,,1,,90.0,37,51,,62660011,2024-05-04 07:23:00.000,,62660010,2024-05-04 08:50:15.598,2024-05-04 08:49:00.250,UTC+0800,wFVf8Jbtp/,,com.sec.android.app.shealth,2024-05-04 08:14:00.000,6fac6bec-20c7-40fe-a494-a85aed1f8863,
,77.0,14,23,60,3,83,290,183,0,76,23,,0,,,,dfe4d1bf-8275-4037-b7d9-a88c77e7d9be,-1,,7,40.0,2024-05-04 21:08:00.000,88.0,,2024-05-04 15:42:00.000,,,62dad59b-d194-4e0e-b632-d128fa3a2029.extra_data.json,,2,,66.0,55,313,,62660011,2024-05-04 15:42:00.000,,62660010,2024-05-05 00:02:00.661,2024-05-04 21:32:14.178,UTC+0800,wFVf8Jbtp/,,com.sec.android.app.shealth,2024-05-04 20:55:00.000,62dad59b-d194-4e0e-b632-d128fa3a2029,
,75.0,0,21,2,0,4,106,62,0,0,0,,0,,,,dfe4d1bf-8275-4037-b7d9-a88c77e7d9be,-1,,7,30.0,2024-05-04 23:36:00.000,7.0,,2024-05-04 21:32:00.000,,,57a720bf-78e2-4f63-8643-3c934313b7ce.extra_data.json,,1,,96.0,53,106,,62660011,2024-05-04 21:32:00.000,,62660010,2024-05-05 00:02:00.741,2024-05-04 23:48:38.113,UTC+0800,wFVf8Jbtp/,,com.sec.android.app.shealth,2024-05-04 23:18:00.000,57a720bf-78e2-4f63-8643-3c934313b7ce,
,54.0,10,10,1,11,14,70,54,1,11,0,,0,,,,,-1,,7,29.0,2024-05-05 07:43:00.000,38.0,,2024-05-05 06:28:00.000,,,563ad648-7ecc-40a4-a5a4-8df50351f16f.extra_data.json,,1,,80.0,52,70,,62660011,2024-05-05 06:28:00.000,,62660010,2024-05-05 07:58:45.725,2024-05-05 07:58:37.187,UTC+0800,wFVf8Jbtp/,,com.sec.android.app.shealth,2024-05-05 07:38:00.000,563ad648-7ecc-40a4-a5a4-8df50351f16f,
,62.0,0,0,0,3,8,98,28,1,6,0,,0,,,,,-1,,7,10.0,,14.0,,,,,b5228a95-cf14-499b-a9fd-c9280d556133.extra_data.json,,1,,91.0,35,98,,62660011,2024-05-05 08:03:00.000,,62660010,2024-05-05 09:41:18.074,2024-05-05 09:41:07.344,UTC+0800,wFVf8Jbtp/,,com.sec.android.app.shealth,2024-05-05 09:41:00.000,b5228a95-cf14-499b-a9fd-c9280d556133,
,79.0,6,24,11,6,21,378,154,0,5,0,,0,,,,,-1,,7,46.0,2024-05-05 23:10:00.000,14.0,,2024-05-05 16:25:00.000,,,544541b6-c6ca-44ed-b89a-0b52512b8457.extra_data.json,,3,,94.0,77,378,,62660011,2024-05-05 16:25:00.000,,62660010,2024-05-06 02:50:19.581,2024-05-05 23:31:08.949,UTC+0800,wFVf8Jbtp/,,com.sec.android.app.shealth,2024-05-05 22:43:00.000,544541b6-c6ca-44ed-b89a-0b52512b8457,
,77.0,37,37,1,3,13,143,90,0,6,0,,0,,,,,-1,,7,57.0,2024-05-07 02:28:00.000,14.0,,2024-05-06 23:59:00.000,,,b5384724-e5d7-4534-9926-6f8a393491b0.extra_data.json,,2,,90.0,62,143,,62660011,2024-05-06 23:59:00.000,,62660010,2024-05-07 03:39:24.841,2024-05-07 02:44:10.102,UTC+0800,wFVf8Jbtp/,,com.sec.android.app.shealth,2024-05-07 02:22:00.000,b5384724-e5d7-4534-9926-6f8a393491b0,
,78.0,27,27,21,7,35,237,137,0,20,0,,0,,,,e7703a3d-78bb-446f-bbb5-882411c2529f,-1,,7,43.0,,39.0,,,,,4600b630-c0fa-487e-bd24-5ea172d8264b.extra_data.json,,3,,85.0,55,237,,62660011,2024-05-06 15:40:00.000,,62660010,2024-05-07 03:39:24.478,2024-05-06 19:37:07.258,UTC+0800,wFVf8Jbtp/,,com.sec.android.app.shealth,2024-05-06 19:37:00.000,4600b630-c0fa-487e-bd24-5ea172d8264b,
,77.0,13,14,17,3,25,179,110,0,19,0,,0,,,,e7703a3d-78bb-446f-bbb5-882411c2529f,-1,,7,30.0,2024-05-06 22:53:00.000,40.0,,2024-05-06 19:47:00.000,,,3abcebea-41ca-489c-bf0b-c7feb6b7a425.extra_data.json,,2,,86.0,50,179,,62660011,2024-05-06 19:47:00.000,,62660010,2024-05-07 03:39:24.648,2024-05-06 23:19:00.120,UTC+0800,wFVf8Jbtp/,,com.sec.android.app.shealth,2024-05-06 22:46:00.000,3abcebea-41ca-489c-bf0b-c7feb6b7a425,
,65.0,24,31,6,10,28,348,180,1,12,0,,0,,,,,-1,,7,49.0,2024-05-07 22:03:00.000,15.0,,2024-05-07 16:07:00.000,,,b0d1af66-07dd-4a8c-9b91-651a41171e34.extra_data.json,,3,,91.0,71,348,,62660011,2024-05-07 16:07:00.000,,62660010,2024-05-07 22:20:02.174,2024-05-07 22:03:16.389,UTC+0800,wFVf8Jbtp/,,com.sec.android.app.shealth,2024-05-07 21:55:00.000,b0d1af66-07dd-4a8c-9b91-651a41171e34,
,74.0,11,11,1,1,4,101,85,0,0,3,,0,,,,1ae78176-f1ef-45cd-96dd-15cf0cf76cf0,-1,,7,26.0,2024-05-08 23:49:00.000,5.0,,2024-05-08 21:39:00.000,,,9b18bbcc-621b-442c-ae4c-8c431f38500c.extra_data.json,,1,,94.0,62,104,,62660011,2024-05-08 21:39:00.000,,62660010,2024-05-09 04:12:23.198,2024-05-09 00:12:04.147,UTC+0800,wFVf8Jbtp/,,com.sec.android.app.shealth,2024-05-08 23:23:00.000,9b18bbcc-621b-442c-ae4c-8c431f38500c,
,82.0,11,16,2,3,26,277,84,0,17,0,,0,,,,1ae78176-f1ef-45cd-96dd-15cf0cf76cf0,-1,,7,39.0,,18.0,,,,,c242b148-21d3-4431-b744-571eade29045.extra_data.json,,3,,90.0,61,277,,62660011,2024-05-08 16:34:00.000,,62660010,2024-05-09 04:12:23.110,2024-05-08 21:11:15.405,UTC+0800,wFVf8Jbtp/,,com.sec.android.app.shealth,2024-05-08 21:11:00.000,c242b148-21d3-4431-b744-571eade29045,
,74.0,15,15,10,1,13,112,112,0,4,0,,0,,,,,-1,,7,30.0,2024-05-09 10:18:00.000,24.0,,2024-05-09 08:10:00.000,,,851653e6-bef9-49fd-bc23-a1a4a8bd5ebb.extra_data.json,,1,,88.0,53,112,,62660011,2024-05-09 08:10:00.000,,62660010,2024-05-09 10:43:38.286,2024-05-09 10:43:31.203,UTC+0800,wFVf8Jbtp/,,com.sec.android.app.shealth,2024-05-09 10:02:00.000,851653e6-bef9-49fd-bc23-a1a4a8bd5ebb,
,82.0,57,59,8,3,19,399,112,0,9,71,,0,,,,,-1,,7,75.0,2024-05-09 23:35:00.000,14.0,,2024-05-09 15:17:00.000,,,64afa490-2e0b-4b8e-b357-55821d9f5316.extra_data.json,,3,,80.0,88,470,,62660011,2024-05-09 15:17:00.000,,62660010,2024-05-10 00:02:55.707,2024-05-10 00:02:49.189,UTC+0800,wFVf8Jbtp/,,com.sec.android.app.shealth,2024-05-09 23:07:00.000,64afa490-2e0b-4b8e-b357-55821d9f5316,
,80.0,37,37,0,5,10,201,87,0,4,0,,0,,,,92788906-8ba6-428e-bf55-9a0ce105d32b,-1,,7,56.0,,7.0,,,,,a82472cb-b54c-4950-8a63-6ba05931883e.extra_data.json,,3,,95.0,70,201,,62660011,2024-05-10 15:44:00.000,,62660010,2024-05-10 22:50:59.102,2024-05-10 19:09:12.363,UTC+0800,wFVf8Jbtp/,,com.sec.android.app.shealth,2024-05-10 19:05:00.000,a82472cb-b54c-4950-8a63-6ba05931883e,
,70.0,0,20,0,0,0,64,0,0,0,0,,0,,,,92788906-8ba6-428e-bf55-9a0ce105d32b,-1,,7,38.0,,0.0,,,,,7704f23a-d728-4d3e-b1b4-dd6af529d389.extra_data.json,,0,,100.0,47,64,,62660011,2024-05-10 19:14:00.000,,62660010,2024-05-10 22:50:59.396,2024-05-10 20:18:54.217,UTC+0800,wFVf8Jbtp/,,com.sec.android.app.shealth,2024-05-10 20:18:00.000,7704f23a-d728-4d3e-b1b4-dd6af529d389,
,75.0,18,18,1,0,6,110,92,0,0,0,,0,,,,92788906-8ba6-428e-bf55-9a0ce105d32b,-1,,7,35.0,2024-05-10 22:41:00.000,7.0,,2024-05-10 20:26:00.000,,,cde26c4d-ea38-4dd2-a258-75c1b47698d9.extra_data.json,,1,,94.0,62,110,,62660011,2024-05-10 20:26:00.000,,62660010,2024-05-10 23:07:18.292,2024-05-10 23:07:09.195,UTC+0800,wFVf8Jbtp/,,com.sec.android.app.shealth,2024-05-10 22:16:00.000,cde26c4d-ea38-4dd2-a258-75c1b47698d9,
,80.0,42,78,13,5,36,493,129,1,16,6,,0,,,,,-1,,7,78.0,2024-05-11 23:19:00.000,21.0,,2024-05-11 14:41:00.000,,,95307edc-258e-49c6-a68f-513880028f35.extra_data.json,,5,,92.0,88,499,,62660011,2024-05-11 14:41:00.000,,62660010,2024-05-11 23:42:03.907,2024-05-11 23:41:55.319,UTC+0800,wFVf8Jbtp/,,com.sec.android.app.shealth,2024-05-11 23:00:00.000,95307edc-258e-49c6-a68f-513880028f35,
,73.0,0,0,7,2,9,108,108,0,3,0,,0,,,,,-1,,7,11.0,2024-05-12 09:12:00.000,18.0,,2024-05-12 07:17:00.000,,,c8a98731-d244-4235-ab42-466d0c3f4e75.extra_data.json,,1,,91.0,37,108,,62660011,2024-05-12 07:17:00.000,,62660010,2024-05-12 09:12:57.848,2024-05-12 09:12:50.383,UTC+0800,wFVf8Jbtp/,,com.sec.android.app.shealth,2024-05-12 09:05:00.000,c8a98731-d244-4235-ab42-466d0c3f4e75,
,72.0,58,70,49,8,60,526,315,1,42,0,,0,,,,,-1,,7,73.0,2024-05-12 23:26:00.000,35.0,,2024-05-12 14:25:00.000,,,26860ed1-1be8-46c4-b91e-bfa34f5add3e.extra_data.json,,4,,88.0,82,526,,62660011,2024-05-12 14:25:00.000,,62660010,2024-05-13 00:54:26.940,2024-05-12 23:42:47.184,UTC+0800,wFVf8Jbtp/,,com.sec.android.app.shealth,2024-05-12 23:11:00.000,26860ed1-1be8-46c4-b91e-bfa34f5add3e,
,89.0,19,76,3,6,47,444,90,0,32,0,,0,,,,,-1,,7,70.0,2024-05-13 23:56:00.000,21.0,,2024-05-13 16:08:00.000,,,f565a88e-148b-40b1-a281-dcf16e4c02f8.extra_data.json,,5,,89.0,86,444,,62660011,2024-05-13 16:08:00.000,,62660010,2024-05-14 01:44:31.475,2024-05-14 00:26:51.146,UTC+0800,wFVf8Jbtp/,,com.sec.android.app.shealth,2024-05-13 23:32:00.000,f565a88e-148b-40b1-a281-dcf16e4c02f8,
,62.0,1,1,9,3,12,78,78,1,8,0,,0,,,,,-1,,7,10.0,,37.0,,,,,52c155be-0cda-41dc-abd2-21952ed01238.extra_data.json,,1,,84.0,44,78,,62660011,2024-05-14 05:40:00.000,,62660010,2024-05-14 06:58:59.793,2024-05-14 06:58:54.305,UTC+0800,wFVf8Jbtp/,,com.sec.android.app.shealth,2024-05-14 06:58:00.000,52c155be-0cda-41dc-abd2-21952ed01238,
,67.0,10,53,4,13,56,459,64,2,36,0,,0,,,,,-1,,7,64.0,2024-05-14 23:06:00.000,26.0,,2024-05-14 14:59:00.000,,,bdc5a634-7f00-4f6d-ab88-0ad9bf55db3c.extra_data.json,,6,,87.0,82,459,,62660011,2024-05-14 14:59:00.000,,62660010,2024-05-15 00:40:39.037,2024-05-14 23:31:38.142,UTC+0800,wFVf8Jbtp/,,com.sec.android.app.shealth,2024-05-14 22:38:00.000,bdc5a634-7f00-4f6d-ab88-0ad9bf55db3c,
,98.0,32,64,12,2,28,525,123,0,7,0,,0,,,,,-1,,7,75.0,2024-05-15 23:06:00.000,16.0,,2024-05-15 13:59:00.000,,,ab0b201b-dc6b-4b06-8d57-6ee765d62765.extra_data.json,,6,,94.0,89,525,,62660011,2024-05-15 13:59:00.000,,62660010,2024-05-15 23:49:25.338,2024-05-15 23:31:26.169,UTC+0800,wFVf8Jbtp/,,com.sec.android.app.shealth,2024-05-15 22:44:00.000,ab0b201b-dc6b-4b06-8d57-6ee765d62765,
,46.0,31,31,41,19,64,413,260,2,54,0,,0,,,,,-1,,7,54.0,2024-05-16 23:32:00.000,44.0,,2024-05-16 16:29:00.000,,,eb47f022-4c00-4496-9305-9eeba92e5a2c.extra_data.json,,3,,84.0,76,413,,62660011,2024-05-16 16:29:00.000,,62660010,2024-05-16 23:32:11.340,2024-05-16 23:32:05.473,UTC+0800,wFVf8Jbtp/,,com.sec.android.app.shealth,2024-05-16 23:22:00.000,eb47f022-4c00-4496-9305-9eeba92e5a2c,
,80.0,41,82,5,5,29,529,167,1,11,0,,0,,,,,-1,,7,78.0,2024-05-18 00:33:00.000,11.0,,2024-05-17 15:19:00.000,,,9ea88272-f165-4bbc-853c-0bf7d429ed52.extra_data.json,,5,,94.0,90,529,,62660011,2024-05-17 15:19:00.000,,62660010,2024-05-18 00:52:37.767,2024-05-18 00:51:58.455,UTC+0800,wFVf8Jbtp/,,com.sec.android.app.shealth,2024-05-18 00:08:00.000,9ea88272-f165-4bbc-853c-0bf7d429ed52,
,65.0,0,0,2,0,11,84,56,1,9,0,,0,,,,,-1,,7,8.0,,27.0,,,,,19b47cac-45b2-4936-ab75-f056a268ed37.extra_data.json,,1,,86.0,32,84,,62660011,2024-05-18 07:04:00.000,,62660010,2024-05-18 08:28:36.216,2024-05-18 08:28:30.751,UTC+0800,wFVf8Jbtp/,,com.sec.android.app.shealth,2024-05-18 08:28:00.000,19b47cac-45b2-4936-ab75-f056a268ed37,
,91.0,22,53,1,4,24,419,64,0,0,0,,0,,,,,-1,,7,68.0,2024-05-18 23:20:00.000,7.0,,2024-05-18 15:54:00.000,,,b977e2a5-f119-432a-9875-bcde5164f9dd.extra_data.json,,5,,94.0,91,419,,62660011,2024-05-18 15:54:00.000,,62660010,2024-05-19 00:43:55.401,2024-05-18 23:49:38.191,UTC+0800,wFVf8Jbtp/,,com.sec.android.app.shealth,2024-05-18 22:53:00.000,b977e2a5-f119-432a-9875-bcde5164f9dd,
,74.0,0,0,1,1,2,91,91,0,0,0,,0,,,,,-1,,7,9.0,,3.0,,,,,efeaf496-4493-4e28-b677-1871f5b25f3c.extra_data.json,,1,,97.0,43,91,,62660011,2024-05-19 07:55:00.000,,62660010,2024-05-19 09:26:19.777,2024-05-19 09:26:11.301,UTC+0800,wFVf8Jbtp/,,com.sec.android.app.shealth,2024-05-19 09:26:00.000,efeaf496-4493-4e28-b677-1871f5b25f3c,
,66.0,10,66,0,19,59,533,80,2,35,0,,0,,,,,-1,,7,71.0,2024-05-20 00:09:00.000,18.0,,2024-05-19 15:12:00.000,,,eb4a560b-db11-4719-b9e8-deec1b5b1793.extra_data.json,,7,,88.0,81,533,,62660011,2024-05-19 15:12:00.000,,62660010,2024-05-20 00:09:14.952,2024-05-20 00:09:03.542,UTC+0800,wFVf8Jbtp/,,com.sec.android.app.shealth,2024-05-20 00:05:00.000,eb4a560b-db11-4719-b9e8-deec1b5b1793,
,23.0,23,44,12,57,75,459,174,1,54,0,,0,,,,,-1,,7,61.0,2024-05-21 00:05:00.000,35.0,,2024-05-20 16:07:00.000,,,c22dbeda-22a4-49b4-9b29-9d431b128cb0.extra_data.json,,4,,83.0,77,459,,62660011,2024-05-20 16:07:00.000,,62660010,2024-05-21 02:20:49.621,2024-05-21 00:21:36.234,UTC+0800,wFVf8Jbtp/,,com.sec.android.app.shealth,2024-05-20 23:46:00.000,c22dbeda-22a4-49b4-9b29-9d431b128cb0,
,74.0,27,51,5,6,38,493,82,1,13,0,,0,,,,,-1,,7,73.0,2024-05-21 23:36:00.000,16.0,,2024-05-21 14:52:00.000,,,54873400-14c5-4489-bbad-d59885f47324.extra_data.json,,4,,92.0,86,493,,62660011,2024-05-21 14:52:00.000,,62660010,2024-05-22 02:47:31.954,2024-05-22 00:06:28.169,UTC+0800,wFVf8Jbtp/,,com.sec.android.app.shealth,2024-05-21 23:05:00.000,54873400-14c5-4489-bbad-d59885f47324,
,83.0,52,52,4,7,25,467,180,0,11,4,,0,,,,,-1,,7,69.0,2024-05-22 22:57:00.000,10.0,,2024-05-22 14:44:00.000,,,836f920a-18bf-4d02-8e3f-22bb7f42dc98.extra_data.json,,4,,93.0,90,471,,62660011,2024-05-22 14:44:00.000,,62660010,2024-05-22 23:22:40.512,2024-05-22 23:22:25.336,UTC+0800,wFVf8Jbtp/,,com.sec.android.app.shealth,2024-05-22 22:35:00.000,836f920a-18bf-4d02-8e3f-22bb7f42dc98,
,89.0,26,60,2,6,33,518,101,0,7,0,,0,,,,,-1,,7,74.0,2024-05-23 23:37:00.000,10.0,,2024-05-23 14:36:00.000,,,58bbb33c-5e49-4258-824d-4d7112055b03.extra_data.json,,5,,93.0,89,518,,62660011,2024-05-23 14:36:00.000,,62660010,2024-05-24 00:08:59.675,2024-05-23 23:53:38.172,UTC+0800,wFVf8Jbtp/,,com.sec.android.app.shealth,2024-05-23 23:14:00.000,58bbb33c-5e49-4258-824d-4d7112055b03,
,87.0,50,56,37,3,51,548,231,0,32,0,,0,,,,,-1,,7,74.0,2024-05-24 23:34:00.000,31.0,,2024-05-24 14:03:00.000,,,67093435-c1c9-411b-8ed5-5feaf2641c3c.extra_data.json,,4,,90.0,85,548,,62660011,2024-05-24 14:03:00.000,,62660010,2024-05-24 23:55:33.144,2024-05-24 23:52:52.147,UTC+0800,wFVf8Jbtp/,,com.sec.android.app.shealth,2024-05-24 23:11:00.000,67093435-c1c9-411b-8ed5-5feaf2641c3c,
,76.0,27,40,1,9,31,382,89,1,13,0,,0,,,,,-1,,7,61.0,2024-05-25 22:26:00.000,13.0,,2024-05-25 15:35:00.000,,,e2ec62d7-1d5a-4595-9deb-b225ac3d11f8.extra_data.json,,5,,91.0,81,382,,62660011,2024-05-25 15:35:00.000,,62660010,2024-05-26 00:03:49.793,2024-05-25 22:56:27.147,UTC+0800,wFVf8Jbtp/,,com.sec.android.app.shealth,2024-05-25 21:57:00.000,e2ec62d7-1d5a-4595-9deb-b225ac3d11f8,
,90.0,3,41,1,10,33,570,56,1,14,0,,0,,,,,-1,,7,66.0,2024-05-26 23:49:00.000,10.0,,2024-05-26 14:08:00.000,,,f7dd66e7-cfeb-43af-9b6a-31b232d40564.extra_data.json,,8,,94.0,76,570,,62660011,2024-05-26 14:08:00.000,,62660010,2024-05-27 02:08:20.251,2024-05-26 23:54:41.161,UTC+0800,wFVf8Jbtp/,,com.sec.android.app.shealth,2024-05-26 23:38:00.000,f7dd66e7-cfeb-43af-9b6a-31b232d40564,
,82.0,1,34,0,3,15,330,36,0,0,0,,0,,,,,-1,,7,44.0,2024-05-27 22:45:00.000,5.0,,2024-05-27 16:46:00.000,,,dd06c656-c5aa-4d5b-b70b-3876cca73fab.extra_data.json,,3,,95.0,76,330,,62660011,2024-05-27 16:46:00.000,,62660010,2024-05-27 23:31:04.589,2024-05-27 23:15:32.149,UTC+0800,wFVf8Jbtp/,,com.sec.android.app.shealth,2024-05-27 22:16:00.000,dd06c656-c5aa-4d5b-b70b-3876cca73fab,
,70.0,19,19,3,0,15,147,81,1,9,0,,0,,,,,-1,,7,37.0,2024-05-28 07:59:00.000,20.0,,2024-05-28 05:15:00.000,,,4985e32c-0cd0-40cc-b898-85886d8343a4.extra_data.json,,2,,89.0,52,147,,62660011,2024-05-28 05:15:00.000,,62660010,2024-05-28 08:29:41.204,2024-05-28 08:29:33.178,UTC+0800,wFVf8Jbtp/,,com.sec.android.app.shealth,2024-05-28 07:42:00.000,4985e32c-0cd0-40cc-b898-85886d8343a4,
,70.0,0,13,0,0,46,96,0,0,40,0,,0,,,,f6714663-6232-42cd-90c2-5b94d4a4ae26,-1,,7,23.0,,90.0,,,,,0da59acd-e843-4b81-a45e-2dca5a35dcab.extra_data.json,,0,,52.0,36,96,,62660011,2024-05-28 14:55:00.000,,62660010,2024-05-28 22:32:40.695,2024-05-28 16:57:30.156,UTC+0800,wFVf8Jbtp/,,com.sec.android.app.shealth,2024-05-28 16:31:00.000,0da59acd-e843-4b81-a45e-2dca5a35dcab,
,83.0,18,18,1,2,19,284,90,0,0,0,,0,,,,f6714663-6232-42cd-90c2-5b94d4a4ae26,-1,,7,43.0,2024-05-28 22:32:00.000,8.0,,2024-05-28 17:31:00.000,,,d547f5d6-f572-4016-abd9-672202ea5185.extra_data.json,,3,,93.0,68,284,,62660011,2024-05-28 17:31:00.000,,62660010,2024-05-28 22:32:40.867,2024-05-28 22:32:27.432,UTC+0800,wFVf8Jbtp/,,com.sec.android.app.shealth,2024-05-28 22:15:00.000,d547f5d6-f572-4016-abd9-672202ea5185,
,94.0,66,80,8,1,20,429,160,0,0,0,,0,,,,,-1,,7,78.0,2024-05-29 22:35:00.000,10.0,,2024-05-29 14:39:00.000,,,3b40b175-80ce-4758-bc27-38425f5c074d.extra_data.json,,5,,95.0,95,429,,62660011,2024-05-29 14:39:00.000,,62660010,2024-05-29 22:56:53.325,2024-05-29 22:49:33.154,UTC+0800,wFVf8Jbtp/,,com.sec.android.app.shealth,2024-05-29 21:48:00.000,3b40b175-80ce-4758-bc27-38425f5c074d,
,68.0,35,43,13,7,30,374,146,1,11,0,,0,,,,,-1,,7,58.0,2024-05-30 20:33:00.000,20.0,,2024-05-30 14:12:00.000,,,b9531f33-e7e9-427d-b765-592c71b61e13.extra_data.json,,3,,91.0,77,374,,62660011,2024-05-30 14:12:00.000,,62660010,2024-05-30 20:49:54.339,2024-05-30 20:38:36.944,UTC+0800,wFVf8Jbtp/,,com.sec.android.app.shealth,2024-05-30 20:26:00.000,b9531f33-e7e9-427d-b765-592c71b61e13,
,59.0,3,51,10,16,29,305,129,1,20,0,,0,,,,,-1,,7,48.0,2024-06-01 01:35:00.000,24.0,,2024-05-31 20:18:00.000,,,63f43626-0c1f-4ddf-8aa6-6b642d8d1cae.extra_data.json,,3,,90.0,61,305,,62660011,2024-05-31 20:18:00.000,,62660010,2024-06-01 05:22:37.692,2024-06-01 01:44:41.660,UTC-0700,wFVf8Jbtp/,,com.sec.android.app.shealth,2024-06-01 01:23:00.000,63f43626-0c1f-4ddf-8aa6-6b642d8d1cae,
,82.0,11,41,3,3,10,236,80,0,3,2,,0,,,,,-1,,7,46.0,2024-06-01 10:10:00.000,9.0,,2024-06-01 05:48:00.000,,,0e414e67-d2a2-440a-8c86-707d100788fa.extra_data.json,,3,,95.0,68,238,,62660011,2024-06-01 05:48:00.000,,62670070,2024-06-01 10:34:46.728,2024-06-01 10:34:42.123,UTC-0700,wFVf8Jbtp/,,com.sec.android.app.shealth,2024-06-01 09:46:00.000,0e414e67-d2a2-440a-8c86-707d100788fa,
,70.0,0,18,0,0,7,88,0,0,0,0,,0,,,,,-1,,7,29.0,2024-06-01 23:49:00.000,8.0,,2024-06-01 22:14:00.000,,,48bbaf49-3069-43ff-827c-1d814f14cd05.extra_data.json,,0,,92.0,45,88,,62670031,2024-06-01 22:14:00.000,,62670070,2024-06-01 23:54:12.039,2024-06-01 23:54:05.146,UTC-0700,wFVf8Jbtp/,,com.sec.android.app.shealth,2024-06-01 23:42:00.000,48bbaf49-3069-43ff-827c-1d814f14cd05,
,73.0,31,31,4,2,6,135,135,0,3,0,,0,,,,633a8158-11e3-4622-957b-e3f4c3e5eb2e,-1,,7,46.0,2024-06-02 06:11:00.000,10.0,,2024-06-02 03:51:00.000,,,cda13728-edd7-4f39-b36d-bb9ccd7196f3.extra_data.json,,1,,95.0,61,135,,62670031,2024-06-02 03:51:00.000,,62670070,2024-06-02 14:11:43.359,2024-06-02 06:16:10.154,UTC-0700,wFVf8Jbtp/,,com.sec.android.app.shealth,2024-06-02 06:06:00.000,cda13728-edd7-4f39-b36d-bb9ccd7196f3,
,64.0,12,27,1,11,20,177,54,1,15,0,,0,,,,633a8158-11e3-4622-957b-e3f4c3e5eb2e,-1,,7,42.0,2024-06-02 09:41:00.000,22.0,,2024-06-02 06:23:00.000,,,4cafec7d-d8cc-46c4-92fb-21805ba19af0.extra_data.json,,3,,88.0,57,177,,62670031,2024-06-02 06:23:00.000,,62670070,2024-06-02 14:11:43.498,2024-06-02 10:06:26.169,UTC-0700,wFVf8Jbtp/,,com.sec.android.app.shealth,2024-06-02 09:20:00.000,4cafec7d-d8cc-46c4-92fb-21805ba19af0,
,70.0,0,44,0,0,3,92,0,0,0,0,,0,,,,633a8158-11e3-4622-957b-e3f4c3e5eb2e,-1,,7,57.0,2024-06-02 13:00:00.000,3.0,,2024-06-02 11:08:00.000,,,e8727cfc-ac1d-47e5-99a1-a8e61d7ab082.extra_data.json,,0,,96.0,47,92,,62670031,2024-06-02 11:08:00.000,,62670070,2024-06-02 14:11:43.800,2024-06-02 13:26:32.155,UTC-0700,wFVf8Jbtp/,,com.sec.android.app.shealth,2024-06-02 12:40:00.000,e8727cfc-ac1d-47e5-99a1-a8e61d7ab082,
,85.0,47,87,7,0,13,505,147,0,3,2,,0,,,,,-1,,7,81.0,2024-06-03 13:16:00.000,8.0,,2024-06-03 04:22:00.000,,,6d568ba7-e5b0-4d5a-8f6f-c1fb4e710793.extra_data.json,,3,,97.0,95,507,,62670031,2024-06-03 04:22:00.000,,62670070,2024-06-03 13:46:49.436,2024-06-03 13:46:42.170,UTC-0700,wFVf8Jbtp/,,com.sec.android.app.shealth,2024-06-03 12:49:00.000,6d568ba7-e5b0-4d5a-8f6f-c1fb4e710793,
,80.0,31,31,6,0,10,248,178,0,6,0,,0,,,,0188277f-df10-4c84-bf17-9b0e32182c26,-1,,7,44.0,2024-06-04 10:12:00.000,10.0,,2024-06-04 05:46:00.000,,,39e22fab-74dc-402a-b9d2-f1326bdf0ab1.extra_data.json,,2,,95.0,64,248,,62670031,2024-06-04 05:46:00.000,,62670070,2024-06-04 14:09:11.965,2024-06-04 10:36:48.275,UTC-0700,wFVf8Jbtp/,,com.sec.android.app.shealth,2024-06-04 09:54:00.000,39e22fab-74dc-402a-b9d2-f1326bdf0ab1,
,73.0,46,46,0,2,4,152,124,0,0,5,,0,,,,0188277f-df10-4c84-bf17-9b0e32182c26,-1,,7,60.0,2024-06-04 13:37:00.000,3.0,,2024-06-04 10:37:00.000,,,1446f0fb-5b34-47fb-92ca-bfe84b29663d.extra_data.json,,1,,94.0,65,157,,62670031,2024-06-04 10:37:00.000,,62670070,2024-06-04 14:09:12.037,2024-06-04 14:02:56.203,UTC-0700,wFVf8Jbtp/,,com.sec.android.app.shealth,2024-06-04 13:14:00.000,1446f0fb-5b34-47fb-92ca-bfe84b29663d,
,51.0,12,34,4,19,37,420,126,2,23,0,,0,,,,,-1,,7,54.0,2024-06-05 12:43:00.000,17.0,,2024-06-05 05:36:00.000,,,44bf505b-a17a-4af8-bc0a-e0d947427ac1.extra_data.json,,4,,91.0,79,420,,62670031,2024-06-05 05:36:00.000,,62670070,2024-06-05 12:43:18.712,2024-06-05 12:43:10.898,UTC-0700,wFVf8Jbtp/,,com.sec.android.app.shealth,2024-06-05 12:36:00.000,44bf505b-a17a-4af8-bc0a-e0d947427ac1,
,54.0,57,57,7,16,28,441,175,2,17,0,,0,,,,,-1,,7,70.0,,14.0,,,,,9582cd3a-9573-4ded-8f4a-448923715539.extra_data.json,,4,,93.0,87,441,,62670031,2024-06-06 06:15:00.000,,62670070,2024-06-06 13:36:11.280,2024-06-06 13:36:00.252,UTC-0700,wFVf8Jbtp/,,com.sec.android.app.shealth,2024-06-06 13:36:00.000,9582cd3a-9573-4ded-8f4a-448923715539,
,79.0,41,110,0,11,58,437,77,1,48,0,,0,,,,,-1,,7,90.0,2024-06-07 12:39:00.000,24.0,,2024-06-07 04:57:00.000,,,739a9c15-de93-4378-a3c2-bad2bd3571e4.extra_data.json,,6,,86.0,89,437,,62670031,2024-06-07 04:57:00.000,,62670070,2024-06-07 13:19:30.207,2024-06-07 13:07:13.131,UTC-0700,wFVf8Jbtp/,,com.sec.android.app.shealth,2024-06-07 12:14:00.000,739a9c15-de93-4378-a3c2-bad2bd3571e4,
,83.0,36,53,3,2,15,425,141,0,0,0,,0,,,,,-1,,7,65.0,2024-06-08 13:03:00.000,6.0,,2024-06-08 05:39:00.000,,,2bcf2df3-4127-45c4-9ea7-52700f2a472a.extra_data.json,,3,,96.0,93,425,,62670031,2024-06-08 05:39:00.000,,62670070,2024-06-08 15:50:29.659,2024-06-08 13:20:19.867,UTC-0700,wFVf8Jbtp/,,com.sec.android.app.shealth,2024-06-08 12:44:00.000,2bcf2df3-4127-45c4-9ea7-52700f2a472a,
,99.0,27,120,0,6,18,554,63,0,3,0,,0,,,,,-1,,7,94.0,2024-06-09 14:43:00.000,4.0,,2024-06-09 04:57:00.000,,,95553677-1ff5-4c10-9d85-e2edee7b0394.extra_data.json,,7,,96.0,90,554,,62670031,2024-06-09 04:57:00.000,,62670070,2024-06-10 03:52:42.740,2024-06-09 15:11:00.257,UTC-0700,wFVf8Jbtp/,,com.sec.android.app.shealth,2024-06-09 14:11:00.000,95553677-1ff5-4c10-9d85-e2edee7b0394,
,73.0,31,65,11,12,31,502,123,1,16,0,,0,,,,,-1,,7,73.0,2024-06-10 13:39:00.000,18.0,,2024-06-10 05:03:00.000,,,a8dd881e-0314-4a17-93ae-52b7d351d07f.extra_data.json,,5,,93.0,85,502,,62670031,2024-06-10 05:03:00.000,,62670070,2024-06-10 13:42:16.428,2024-06-10 13:42:03.569,UTC-0700,wFVf8Jbtp/,,com.sec.android.app.shealth,2024-06-10 13:25:00.000,a8dd881e-0314-4a17-93ae-52b7d351d07f,
,85.0,84,113,6,5,17,451,161,0,3,0,,0,,,,,-1,,7,91.0,2024-06-11 13:13:00.000,8.0,,2024-06-11 05:15:00.000,,,6ce752f9-4d03-4999-a5db-7df0dc7fd859.extra_data.json,,4,,96.0,97,451,,62670031,2024-06-11 05:15:00.000,,62670070,2024-06-11 13:30:25.260,2024-06-11 13:30:17.356,UTC-0700,wFVf8Jbtp/,,com.sec.android.app.shealth,2024-06-11 12:46:00.000,6ce752f9-4d03-4999-a5db-7df0dc7fd859,
,69.0,38,39,3,11,29,436,91,1,10,0,,0,,,,,-1,,7,69.0,2024-06-12 12:49:00.000,12.0,,2024-06-12 05:14:00.000,,,8097e484-7d0d-4e10-9ccd-d91bfb7d3212.extra_data.json,,4,,93.0,86,436,,62670031,2024-06-12 05:14:00.000,,62670070,2024-06-12 13:26:53.113,2024-06-12 13:15:58.124,UTC-0700,wFVf8Jbtp/,,com.sec.android.app.shealth,2024-06-12 12:30:00.000,8097e484-7d0d-4e10-9ccd-d91bfb7d3212,
,81.0,29,42,4,4,18,460,179,0,0,0,,0,,,,,-1,,7,62.0,2024-06-13 13:47:00.000,6.0,,2024-06-13 05:19:00.000,,,86eacf4a-5f70-4ce4-ab9b-d419513241a2.extra_data.json,,3,,96.0,89,460,,62670031,2024-06-13 05:19:00.000,,62670070,2024-06-13 13:50:29.928,2024-06-13 13:50:23.856,UTC-0700,wFVf8Jbtp/,,com.sec.android.app.shealth,2024-06-13 12:59:00.000,86eacf4a-5f70-4ce4-ab9b-d419513241a2,
,80.0,31,72,0,5,32,488,92,1,16,0,,0,,,,,-1,,7,77.0,2024-06-14 13:20:00.000,10.0,,2024-06-14 04:52:00.000,,,5afecea4-7d9a-4ef4-b3d1-e3bfcb6de165.extra_data.json,,5,,93.0,91,488,,62670031,2024-06-14 04:52:00.000,,62670070,2024-06-14 13:22:11.899,2024-06-14 13:22:02.174,UTC-0700,wFVf8Jbtp/,,com.sec.android.app.shealth,2024-06-14 13:00:00.000,5afecea4-7d9a-4ef4-b3d1-e3bfcb6de165,
,94.0,0,53,6,1,13,384,85,0,4,0,,0,,,,,-1,,7,52.0,2024-06-15 13:42:00.000,11.0,,2024-06-15 06:10:00.000,,,17eeaea9-a75f-456f-940b-829551d88565.extra_data.json,,5,,96.0,77,384,,62670031,2024-06-15 06:10:00.000,,62670070,2024-06-15 13:51:50.961,2024-06-15 13:49:47.175,UTC-0700,wFVf8Jbtp/,,com.sec.android.app.shealth,2024-06-15 12:34:00.000,17eeaea9-a75f-456f-940b-829551d88565,
,93.0,56,82,0,2,19,488,86,0,6,0,,0,,,,,-1,,7,92.0,2024-06-16 13:25:00.000,5.0,,2024-06-16 04:39:00.000,,,6bb29e3d-af82-41e7-bd30-5e4e4efad899.extra_data.json,,5,,96.0,100,488,,62670031,2024-06-16 04:39:00.000,,62670070,2024-06-16 13:55:39.657,2024-06-16 13:55:32.178,UTC-0700,wFVf8Jbtp/,,com.sec.android.app.shealth,2024-06-16 12:47:00.000,6bb29e3d-af82-41e7-bd30-5e4e4efad899,
,75.0,3,9,6,0,8,69,69,0,4,0,,0,,,,,-1,,7,22.0,2024-06-16 22:37:00.000,26.0,,2024-06-16 21:13:00.000,,,2f107cf0-0211-428d-aea1-4c95f3df5b16.extra_data.json,,1,,88.0,51,69,,62670031,2024-06-16 21:13:00.000,,62670070,2024-06-16 23:10:24.730,2024-06-16 23:02:09.320,UTC-0700,wFVf8Jbtp/,,com.sec.android.app.shealth,2024-06-16 22:22:00.000,2f107cf0-0211-428d-aea1-4c95f3df5b16,
,78.0,24,47,0,12,22,438,85,1,7,0,,0,,,,,-1,,7,66.0,2024-06-17 13:29:00.000,7.0,,2024-06-17 05:58:00.000,,,719e7435-258a-4b64-8277-2b72a4de7795.extra_data.json,,6,,94.0,90,438,,62670031,2024-06-17 05:58:00.000,,62670070,2024-06-17 13:32:37.038,2024-06-17 13:32:29.726,UTC-0700,wFVf8Jbtp/,,com.sec.android.app.shealth,2024-06-17 13:16:00.000,719e7435-258a-4b64-8277-2b72a4de7795,
,77.0,34,57,9,3,22,304,158,0,13,0,,0,,,,,-1,,7,58.0,2024-06-18 13:06:00.000,17.0,,2024-06-18 07:48:00.000,,,62fb5bdc-6020-44d4-a36e-0b1f6f5da81d.extra_data.json,,2,,92.0,68,304,,62670031,2024-06-18 07:48:00.000,,62670070,2024-06-18 13:16:54.545,2024-06-18 13:16:48.385,UTC-0700,wFVf8Jbtp/,,com.sec.android.app.shealth,2024-06-18 12:52:00.000,62fb5bdc-6020-44d4-a36e-0b1f6f5da81d,
,84.0,29,67,8,1,23,425,103,0,13,0,,0,,,,,-1,,7,70.0,2024-06-19 14:02:00.000,16.0,,2024-06-19 06:39:00.000,,,9b725e8c-9320-40d8-a005-1cdcb2a229eb.extra_data.json,,3,,94.0,88,425,,62670031,2024-06-19 06:39:00.000,,62670070,2024-06-19 14:20:31.129,2024-06-19 14:20:24.202,UTC-0700,wFVf8Jbtp/,,com.sec.android.app.shealth,2024-06-19 13:44:00.000,9b725e8c-9320-40d8-a005-1cdcb2a229eb,
,88.0,47,92,1,2,9,436,100,0,0,5,,0,,,,,-1,,7,84.0,2024-06-20 13:29:00.000,3.0,,2024-06-20 05:23:00.000,,,dec8cd7d-3c08-4b93-bf28-2ceae92ffa33.extra_data.json,,4,,97.0,98,441,,62670031,2024-06-20 05:23:00.000,,62670070,2024-06-21 01:52:46.512,2024-06-20 13:58:05.164,UTC-0700,wFVf8Jbtp/,,com.sec.android.app.shealth,2024-06-20 12:44:00.000,dec8cd7d-3c08-4b93-bf28-2ceae92ffa33,
,65.0,40,90,0,30,77,507,84,1,58,0,,0,,,,,-1,,7,87.0,2024-06-21 14:05:00.000,27.0,,2024-06-21 05:30:00.000,,,7d6e07f2-eeea-4c8c-9758-162ece2456bc.extra_data.json,,7,,84.0,86,507,,62670031,2024-06-21 05:30:00.000,,62670070,2024-06-21 14:05:13.492,2024-06-21 14:05:04.636,UTC-0700,wFVf8Jbtp/,,com.sec.android.app.shealth,2024-06-21 13:57:00.000,7d6e07f2-eeea-4c8c-9758-162ece2456bc,
,71.0,27,47,3,9,30,478,163,1,9,0,,0,,,,,-1,,7,64.0,2024-06-22 13:48:00.000,10.0,,2024-06-22 05:15:00.000,,,86c1ced6-1b21-44f8-9715-88c4a0d75f1c.extra_data.json,,4,,93.0,85,478,,62670031,2024-06-22 05:15:00.000,,62670070,2024-06-22 14:15:16.168,2024-06-22 14:15:06.170,UTC-0700,wFVf8Jbtp/,,com.sec.android.app.shealth,2024-06-22 13:13:00.000,86c1ced6-1b21-44f8-9715-88c4a0d75f1c,
,78.0,28,64,1,7,21,448,73,1,4,0,,0,,,,,-1,,7,74.0,2024-06-23 13:13:00.000,7.0,,2024-06-23 05:06:00.000,,,ae291210-90a5-4d47-8a8b-24e6592f8f66.extra_data.json,,5,,95.0,92,448,,62670031,2024-06-23 05:06:00.000,,62670070,2024-06-23 13:41:14.990,2024-06-23 13:41:07.172,UTC-0700,wFVf8Jbtp/,,com.sec.android.app.shealth,2024-06-23 12:34:00.000,ae291210-90a5-4d47-8a8b-24e6592f8f66,
,74.0,0,0,14,1,17,73,73,0,14,0,,0,,,,,-1,,7,7.0,2024-06-23 23:45:00.000,62.0,,2024-06-23 22:28:00.000,,,cc7c4693-d8aa-4db4-821f-e8c08125dcdb.extra_data.json,,1,,76.0,32,73,,62670031,2024-06-23 22:28:00.000,,62670070,2024-06-24 03:07:04.901,2024-06-23 23:52:42.149,UTC-0700,wFVf8Jbtp/,,com.sec.android.app.shealth,2024-06-23 23:41:00.000,cc7c4693-d8aa-4db4-821f-e8c08125dcdb,
,79.0,32,32,7,1,79,479,268,0,63,0,,0,,,,,-1,,7,59.0,2024-06-24 13:39:00.000,32.0,,2024-06-24 04:48:00.000,,,e320056d-1778-495c-a5a0-59942d8ac2f1.extra_data.json,,2,,83.0,82,479,,62670031,2024-06-24 04:48:00.000,,62670070,2024-06-24 13:39:21.924,2024-06-24 13:39:12.103,UTC-0700,wFVf8Jbtp/,,com.sec.android.app.shealth,2024-06-24 12:47:00.000,e320056d-1778-495c-a5a0-59942d8ac2f1,
,69.0,34,70,0,11,45,440,96,1,30,10,,0,,,,,-1,,7,74.0,2024-06-25 13:39:00.000,17.0,,2024-06-25 05:35:00.000,,,872c1332-bdd9-4835-8938-1535b6ba92e6.extra_data.json,,4,,87.0,89,450,,62670031,2024-06-25 05:35:00.000,,62670070,2024-06-26 01:20:16.388,2024-06-25 14:02:34.185,UTC-0700,wFVf8Jbtp/,,com.sec.android.app.shealth,2024-06-25 13:05:00.000,872c1332-bdd9-4835-8938-1535b6ba92e6,
,85.0,46,47,14,10,31,504,171,0,8,0,,0,,,,,-1,,7,70.0,2024-06-26 13:58:00.000,16.0,,2024-06-26 05:29:00.000,,,e8d0fa99-5bee-49c3-8007-d6ae4e2ed80a.extra_data.json,,5,,93.0,86,504,,62670031,2024-06-26 05:29:00.000,,62670070,2024-06-26 13:58:59.015,2024-06-26 13:58:51.486,UTC-0700,wFVf8Jbtp/,,com.sec.android.app.shealth,2024-06-26 13:53:00.000,e8d0fa99-5bee-49c3-8007-d6ae4e2ed80a,
,83.0,18,39,0,2,20,466,89,0,7,0,,0,,,,,-1,,7,63.0,2024-06-27 12:45:00.000,6.0,,2024-06-27 04:44:00.000,,,fa09e327-2d8d-4813-aa83-15fc5777fa8d.extra_data.json,,3,,95.0,92,466,,62670031,2024-06-27 04:44:00.000,,62670070,2024-06-27 12:49:20.182,2024-06-27 12:45:40.927,UTC-0700,wFVf8Jbtp/,,com.sec.android.app.shealth,2024-06-27 12:30:00.000,fa09e327-2d8d-4813-aa83-15fc5777fa8d,
,84.0,5,33,6,6,41,506,124,1,33,0,,0,,,,,-1,,7,59.0,,19.0,,,,,4d664a17-2c80-41a0-9d77-afa610ff9c80.extra_data.json,,6,,91.0,81,506,,62670031,2024-06-28 04:32:00.000,,62670070,2024-06-28 12:58:58.173,2024-06-28 12:58:50.747,UTC-0700,wFVf8Jbtp/,,com.sec.android.app.shealth,2024-06-28 12:58:00.000,4d664a17-2c80-41a0-9d77-afa610ff9c80,
,72.0,10,63,3,8,29,541,105,2,13,0,,0,,,,,-1,,7,70.0,2024-06-30 14:04:00.000,11.0,,2024-06-30 04:37:00.000,,,90b5475f-35e6-49dd-bf81-3e862a050fed.extra_data.json,,6,,94.0,84,541,,62670031,2024-06-30 04:37:00.000,,62670070,2024-06-30 14:48:42.257,2024-06-30 14:29:22.166,UTC-0700,wFVf8Jbtp/,,com.sec.android.app.shealth,2024-06-30 13:38:00.000,90b5475f-35e6-49dd-bf81-3e862a050fed,
,89.0,47,47,11,1,27,484,190,0,9,0,,0,,,,,-1,,7,68.0,,13.0,,,,,ca64a3de-977a-4e44-98e8-71747938c281.extra_data.json,,4,,94.0,87,484,,62670031,2024-07-01 05:26:00.000,,62670070,2024-07-01 13:30:39.442,2024-07-01 13:30:30.996,UTC-0700,wFVf8Jbtp/,,com.sec.android.app.shealth,2024-07-01 13:30:00.000,ca64a3de-977a-4e44-98e8-71747938c281,
,86.0,30,52,5,4,19,433,135,0,3,0,,0,,,,,-1,,7,64.0,2024-07-02 12:42:00.000,9.0,,2024-07-02 05:10:00.000,,,2a5d7735-8d1d-410d-ba93-f34bba32af8e.extra_data.json,,4,,95.0,93,433,,62670031,2024-07-02 05:10:00.000,,62670070,2024-07-02 12:53:43.092,2024-07-02 12:53:33.634,UTC-0700,wFVf8Jbtp/,,com.sec.android.app.shealth,2024-07-02 12:23:00.000,2a5d7735-8d1d-410d-ba93-f34bba32af8e,
,93.0,32,74,0,2,13,409,82,0,0,5,,0,,,,,-1,,7,75.0,2024-07-03 13:22:00.000,3.0,,2024-07-03 05:26:00.000,,,4d6417be-2d2e-44b0-a0fe-d834d8614e9a.extra_data.json,,5,,95.0,95,414,,62670031,2024-07-03 05:26:00.000,,62670070,2024-07-03 15:38:37.788,2024-07-03 13:42:49.163,UTC-0700,wFVf8Jbtp/,,com.sec.android.app.shealth,2024-07-03 12:20:00.000,4d6417be-2d2e-44b0-a0fe-d834d8614e9a,
,75.0,61,72,0,5,17,433,116,1,3,0,,0,,,,,-1,,7,81.0,2024-07-04 13:23:00.000,5.0,,2024-07-04 05:55:00.000,,,87a295ab-4296-43da-9106-b0bede06ec8a.extra_data.json,,4,,96.0,99,433,,62670031,2024-07-04 05:55:00.000,,62670070,2024-07-07 00:50:18.452,2024-07-04 13:29:30.515,UTC-0700,wFVf8Jbtp/,,com.sec.android.app.shealth,2024-07-04 13:08:00.000,87a295ab-4296-43da-9106-b0bede06ec8a,
,74.0,6,6,3,1,6,75,54,0,0,0,,0,,,,,-1,,7,20.0,2024-07-04 21:50:00.000,14.0,,2024-07-04 20:20:00.000,,,b2ff5afd-979b-4d0e-9e8b-89aa36106360.extra_data.json,,1,,92.0,55,75,,62670031,2024-07-04 20:20:00.000,,62670070,2024-07-07 00:50:18.635,2024-07-04 22:14:53.104,UTC-0700,wFVf8Jbtp/,,com.sec.android.app.shealth,2024-07-04 21:35:00.000,b2ff5afd-979b-4d0e-9e8b-89aa36106360,
,83.0,0,27,4,7,18,395,84,0,4,0,,0,,,,,-1,,7,46.0,2024-07-05 13:33:00.000,10.0,,2024-07-05 06:51:00.000,,,27211d19-52d2-4c40-9ef5-531bae8ca04d.extra_data.json,,4,,95.0,75,395,,62670031,2024-07-05 06:51:00.000,,62670070,2024-07-07 00:50:18.741,2024-07-05 13:33:39.659,UTC-0700,wFVf8Jbtp/,,com.sec.android.app.shealth,2024-07-05 13:26:00.000,27211d19-52d2-4c40-9ef5-531bae8ca04d,
,73.0,29,29,4,2,6,90,90,0,0,0,,0,,,,,-1,,7,54.0,2024-07-05 22:51:00.000,11.0,,2024-07-05 21:03:00.000,,,969f7dcf-15ab-4382-8eb6-f46b2b0bf84e.extra_data.json,,1,,93.0,60,90,,62670031,2024-07-05 21:03:00.000,,62670070,2024-07-07 00:50:18.838,2024-07-05 23:17:42.150,UTC-0700,wFVf8Jbtp/,,com.sec.android.app.shealth,2024-07-05 22:33:00.000,969f7dcf-15ab-4382-8eb6-f46b2b0bf84e,
,76.0,29,75,2,4,32,471,67,1,14,0,,0,,,,,-1,,7,80.0,2024-07-06 14:08:00.000,13.0,,2024-07-06 06:11:00.000,,,7859e397-0234-4f68-9057-73282fa0c0f8.extra_data.json,,4,,93.0,89,471,,62670031,2024-07-06 06:11:00.000,,62670070,2024-07-07 00:50:18.950,2024-07-06 14:08:19.860,UTC-0700,wFVf8Jbtp/,,com.sec.android.app.shealth,2024-07-06 14:02:00.000,7859e397-0234-4f68-9057-73282fa0c0f8,
,75.0,1,2,6,0,8,92,72,0,4,0,,0,,,,,-1,,7,12.0,2024-07-06 23:41:00.000,21.0,,2024-07-06 21:47:00.000,,,cbd61809-beef-42b6-947d-7bf5d111a2e7.extra_data.json,,1,,91.0,50,92,,62670031,2024-07-06 21:47:00.000,,62670070,2024-07-07 00:50:19.076,2024-07-07 00:05:23.116,UTC-0700,wFVf8Jbtp/,,com.sec.android.app.shealth,2024-07-06 23:19:00.000,cbd61809-beef-42b6-947d-7bf5d111a2e7,
,70.0,0,20,0,0,0,66,0,0,0,0,,0,,,,,-1,,7,37.0,,0.0,,,,,0c212f25-2578-43db-8ef4-bcb78750d297.extra_data.json,,0,,100.0,47,66,,62670031,2024-07-07 15:12:00.000,,62670070,2024-07-07 16:19:02.679,2024-07-07 16:18:55.792,UTC-0700,wFVf8Jbtp/,,com.sec.android.app.shealth,2024-07-07 16:18:00.000,0c212f25-2578-43db-8ef4-bcb78750d297,
,72.0,31,58,0,13,30,442,82,1,11,0,,0,,,,,-1,,7,72.0,2024-07-09 12:59:00.000,9.0,,2024-07-09 05:08:00.000,,,bf701d52-fc0d-4f09-bbc5-12d3f786edc6.extra_data.json,,5,,93.0,90,442,,62670031,2024-07-09 05:08:00.000,,62670070,2024-07-09 13:31:03.565,2024-07-09 13:22:52.150,UTC-0700,wFVf8Jbtp/,,com.sec.android.app.shealth,2024-07-09 12:30:00.000,bf701d52-fc0d-4f09-bbc5-12d3f786edc6,
,78.0,7,7,1,2,3,161,96,0,0,0,,0,,,,07224fa6-2f79-4148-9d46-c035bd6c9cf5,-1,,7,23.0,2024-07-08 13:05:00.000,3.0,,2024-07-08 10:05:00.000,,,dbed12e8-6408-4110-bd25-47ef4e367c77.extra_data.json,,2,,98.0,58,161,,62670031,2024-07-08 10:05:00.000,,62670070,2024-07-09 00:07:53.754,2024-07-08 13:16:48.127,UTC-0700,wFVf8Jbtp/,,com.sec.android.app.shealth,2024-07-08 12:46:00.000,dbed12e8-6408-4110-bd25-47ef4e367c77,
,80.0,54,55,9,5,20,349,178,0,8,0,,0,,,,,-1,,7,63.0,2024-07-10 13:47:00.000,13.0,,2024-07-10 07:52:00.000,,,0bd7b993-4bc5-46d8-8759-9f047843dfbc.extra_data.json,,3,,94.0,79,349,,62670031,2024-07-10 07:52:00.000,,62670070,2024-07-10 13:47:58.302,2024-07-10 13:47:52.311,UTC-0700,wFVf8Jbtp/,,com.sec.android.app.shealth,2024-07-10 13:41:00.000,0bd7b993-4bc5-46d8-8759-9f047843dfbc,
,91.0,3,38,0,4,10,461,90,0,0,0,,0,,,,,-1,,7,56.0,2024-07-11 13:43:00.000,2.0,,2024-07-11 05:50:00.000,,,7e10c712-ff73-41f7-b0b1-466bd6c67eaa.extra_data.json,,5,,97.0,90,461,,62670031,2024-07-11 05:50:00.000,,62670070,2024-07-11 13:45:29.836,2024-07-11 13:45:19.304,UTC-0700,wFVf8Jbtp/,,com.sec.android.app.shealth,2024-07-11 13:31:00.000,7e10c712-ff73-41f7-b0b1-466bd6c67eaa,
,70.0,0,46,0,0,2,63,0,0,0,0,,0,,,,62349585-cf43-4337-9a87-495bacb051d8,-1,,7,79.0,2024-07-12 05:57:00.000,3.0,,2024-07-12 04:38:00.000,,,4e6eee43-96c8-4209-b308-23bc37b41375.extra_data.json,,0,,96.0,47,63,,62670031,2024-07-12 04:38:00.000,,62670070,2024-07-12 13:23:36.257,2024-07-12 06:17:39.123,UTC-0700,wFVf8Jbtp/,,com.sec.android.app.shealth,2024-07-12 05:41:00.000,4e6eee43-96c8-4209-b308-23bc37b41375,
,86.0,18,41,1,4,10,352,83,0,0,14,,0,,,,62349585-cf43-4337-9a87-495bacb051d8,-1,,7,56.0,2024-07-12 12:59:00.000,4.0,,2024-07-12 06:31:00.000,,,7ff0980f-9eb3-4f68-8e1f-675f11db1d1b.extra_data.json,,4,,93.0,82,366,,62670031,2024-07-12 06:31:00.000,,62670070,2024-07-12 13:23:36.411,2024-07-12 13:23:29.240,UTC-0700,wFVf8Jbtp/,,com.sec.android.app.shealth,2024-07-12 12:37:00.000,7ff0980f-9eb3-4f68-8e1f-675f11db1d1b,
,88.0,39,64,21,7,37,541,153,0,19,0,,0,,,,,-1,,7,76.0,2024-07-07 13:51:00.000,24.0,,2024-07-07 04:27:00.000,,,fc3d9994-2f47-4036-a643-5930d133498d.extra_data.json,,5,,93.0,85,541,,62670031,2024-07-07 04:27:00.000,,62670070,2024-07-07 14:17:02.612,2024-07-07 14:16:53.190,UTC-0700,wFVf8Jbtp/,,com.sec.android.app.shealth,2024-07-07 13:28:00.000,fc3d9994-2f47-4036-a643-5930d133498d,
,82.0,74,135,10,3,20,453,167,0,6,0,,0,,,,,-1,,7,93.0,2024-07-13 14:11:00.000,12.0,,2024-07-13 04:57:00.000,,,7c739e22-3875-46c3-9560-bc5d2d2e2a30.extra_data.json,,3,,95.0,95,453,,62670031,2024-07-13 04:57:00.000,,62670070,2024-07-13 14:35:53.933,2024-07-13 14:35:41.897,UTC-0700,wFVf8Jbtp/,,com.sec.android.app.shealth,2024-07-13 12:30:00.000,7c739e22-3875-46c3-9560-bc5d2d2e2a30,
,49.0,20,20,9,16,35,187,137,1,25,8,,0,,,,07224fa6-2f79-4148-9d46-c035bd6c9cf5,-1,,7,35.0,2024-07-08 09:31:00.000,39.0,,2024-07-08 05:44:00.000,,,d7dafb2a-1e08-41ad-811b-fda63728f214.extra_data.json,,1,,78.0,48,195,,62670031,2024-07-08 05:44:00.000,,62670070,2024-07-09 00:07:53.647,2024-07-08 10:01:00.195,UTC-0700,wFVf8Jbtp/,,com.sec.android.app.shealth,2024-07-08 08:59:00.000,d7dafb2a-1e08-41ad-811b-fda63728f214,
,94.0,37,73,1,6,21,417,73,0,0,0,,0,,,,,-1,,7,79.0,2024-07-14 13:33:00.000,6.0,,2024-07-14 05:49:00.000,,,557ad15b-8a1b-44f2-a6f2-42b73d9eda65.extra_data.json,,6,,94.0,93,417,,62670031,2024-07-14 05:49:00.000,,62670070,2024-07-14 13:58:51.262,2024-07-14 13:58:42.232,UTC-0700,wFVf8Jbtp/,,com.sec.android.app.shealth,2024-07-14 12:46:00.000,557ad15b-8a1b-44f2-a6f2-42b73d9eda65,
,75.0,7,7,4,0,6,78,78,0,3,0,,0,,,,,-1,,7,20.0,2024-07-14 22:54:00.000,17.0,,2024-07-14 21:17:00.000,,,5b1316b8-b96a-4524-8103-5d07b6a86c30.extra_data.json,,1,,92.0,54,78,,62670031,2024-07-14 21:17:00.000,,62670070,2024-07-14 23:19:31.050,2024-07-14 23:19:02.782,UTC-0700,wFVf8Jbtp/,,com.sec.android.app.shealth,2024-07-14 22:35:00.000,5b1316b8-b96a-4524-8103-5d07b6a86c30,
,84.0,47,56,6,1,19,466,179,0,3,4,,0,,,,,-1,,7,69.0,2024-07-15 13:54:00.000,8.0,,2024-07-15 05:40:00.000,,,d8effa3c-70b0-40cc-8cfc-6e08a014cd7e.extra_data.json,,3,,95.0,93,470,,62670031,2024-07-15 05:40:00.000,,62670070,2024-07-15 14:12:02.108,2024-07-15 14:11:52.230,UTC-0700,wFVf8Jbtp/,,com.sec.android.app.shealth,2024-07-15 13:30:00.000,d8effa3c-70b0-40cc-8cfc-6e08a014cd7e,
,19.0,16,76,5,71,109,544,89,1,92,0,,0,,,,,-1,,7,76.0,2024-07-16 13:11:00.000,43.0,,2024-07-16 03:52:00.000,,,2497e531-6d57-4995-a4b4-4e44fec63ecc.extra_data.json,,6,,79.0,80,544,,62670031,2024-07-16 03:52:00.000,,62670070,2024-07-16 13:18:10.501,2024-07-16 13:18:02.588,UTC-0700,wFVf8Jbtp/,,com.sec.android.app.shealth,2024-07-16 12:56:00.000,2497e531-6d57-4995-a4b4-4e44fec63ecc,
,85.0,63,74,6,5,18,454,152,0,0,0,,0,,,,,-1,,7,78.0,2024-07-19 13:36:00.000,8.0,,2024-07-19 05:06:00.000,,,33e40ce8-3b8b-4e11-a9ef-5f4a55b219a2.extra_data.json,,4,,96.0,97,454,,62670031,2024-07-19 05:06:00.000,,62670070,2024-07-19 14:01:37.255,2024-07-19 14:01:29.194,UTC-0700,wFVf8Jbtp/,,com.sec.android.app.shealth,2024-07-19 12:40:00.000,33e40ce8-3b8b-4e11-a9ef-5f4a55b219a2,
,65.0,28,70,6,15,57,485,90,1,38,0,,0,,,,,-1,,7,75.0,2024-07-20 14:25:00.000,26.0,,2024-07-20 05:31:00.000,,,ee61f852-313a-4de7-b06f-810511f4ea43.extra_data.json,,4,,88.0,83,485,,62670031,2024-07-20 05:31:00.000,,62670070,2024-07-21 00:43:03.451,2024-07-20 14:51:59.145,UTC-0700,wFVf8Jbtp/,,com.sec.android.app.shealth,2024-07-20 13:36:00.000,ee61f852-313a-4de7-b06f-810511f4ea43,
,87.0,24,98,0,8,17,492,67,0,4,0,,0,,,,,-1,,7,83.0,2024-07-21 13:54:00.000,4.0,,2024-07-21 05:22:00.000,,,5d38dc16-d261-4782-aeb3-2decf1e48ed6.extra_data.json,,5,,96.0,95,492,,62670031,2024-07-21 05:22:00.000,,62670070,2024-07-21 14:20:05.221,2024-07-21 14:19:56.233,UTC-0700,wFVf8Jbtp/,,com.sec.android.app.shealth,2024-07-21 13:34:00.000,5d38dc16-d261-4782-aeb3-2decf1e48ed6,
,64.0,26,35,0,11,22,280,103,1,12,0,,0,,,,4a906207-6a07-4285-9998-71a03a8b7b2a,-1,,7,51.0,,12.0,,,,,0145ba41-6c48-4835-800e-7c896acbb9cd.extra_data.json,,3,,92.0,66,280,,62670031,2024-07-22 06:33:00.000,,62670070,2024-07-22 12:48:28.672,2024-07-22 11:13:07.374,UTC-0700,wFVf8Jbtp/,,com.sec.android.app.shealth,2024-07-22 11:13:00.000,0145ba41-6c48-4835-800e-7c896acbb9cd,
,70.0,0,20,0,0,0,67,0,0,0,0,,0,,,,4a906207-6a07-4285-9998-71a03a8b7b2a,-1,,7,37.0,,0.0,,,,,b809e8a0-8899-486d-82b1-73a71a63a5a2.extra_data.json,,0,,100.0,47,67,,62670031,2024-07-22 11:41:00.000,,62670070,2024-07-22 12:48:28.768,2024-07-22 12:48:24.245,UTC-0700,wFVf8Jbtp/,,com.sec.android.app.shealth,2024-07-22 12:48:00.000,b809e8a0-8899-486d-82b1-73a71a63a5a2,
,57.0,0,58,3,33,48,545,103,1,32,0,,0,,,,,-1,,7,65.0,2024-07-23 13:07:00.000,18.0,,2024-07-23 03:58:00.000,,,5210aefd-8659-4acf-ad7f-8898bfcd3240.extra_data.json,,6,,91.0,72,545,,62670031,2024-07-23 03:58:00.000,,62670070,2024-07-23 13:07:27.342,2024-07-23 13:07:03.660,UTC-0700,wFVf8Jbtp/,,com.sec.android.app.shealth,2024-07-23 13:03:00.000,5210aefd-8659-4acf-ad7f-8898bfcd3240,
,80.0,16,16,5,0,22,332,125,0,7,0,,0,,,,be162095-4e63-46fc-aaae-c94da49944a2,-1,,7,43.0,,13.0,,,,,0227e783-9ef6-435b-ab94-d7363832ef04.extra_data.json,,2,,93.0,66,332,,62670031,2024-07-24 07:26:00.000,,62670070,2024-07-24 12:59:03.271,2024-07-24 12:58:56.020,UTC-0700,wFVf8Jbtp/,,com.sec.android.app.shealth,2024-07-24 12:58:00.000,0227e783-9ef6-435b-ab94-d7363832ef04,
,73.0,9,9,3,2,5,49,49,0,3,0,,0,,,,,-1,,7,31.0,2024-07-24 19:22:00.000,22.0,,2024-07-24 18:12:00.000,,,14d7c481-9f96-4d67-bc9c-bffb102d26cd.extra_data.json,,1,,89.0,54,49,,62670031,2024-07-24 18:12:00.000,,62670070,2024-07-24 19:46:21.583,2024-07-24 19:46:18.341,UTC-0700,wFVf8Jbtp/,,com.sec.android.app.shealth,2024-07-24 19:01:00.000,14d7c481-9f96-4d67-bc9c-bffb102d26cd,
,70.0,0,20,0,0,0,64,0,0,0,0,,0,,,,be162095-4e63-46fc-aaae-c94da49944a2,-1,,7,38.0,,0.0,,,,,2a612b31-82aa-4cd6-afe3-5dd147c49bdb.extra_data.json,,0,,100.0,47,64,,62670031,2024-07-24 06:03:00.000,,62670070,2024-07-24 07:07:48.060,2024-07-24 07:07:44.286,UTC-0700,wFVf8Jbtp/,,com.sec.android.app.shealth,2024-07-24 07:07:00.000,2a612b31-82aa-4cd6-afe3-5dd147c49bdb,
,91.0,19,62,0,4,32,516,66,0,13,0,,0,,,,,-1,,7,75.0,2024-07-17 14:24:00.000,9.0,,2024-07-17 05:20:00.000,,,43874660-ab5e-4b59-9f46-2174698c50e0.extra_data.json,,5,,93.0,90,516,,62670031,2024-07-17 05:20:00.000,,62670070,2024-07-18 01:55:06.599,2024-07-17 14:39:05.229,UTC-0700,wFVf8Jbtp/,,com.sec.android.app.shealth,2024-07-17 13:56:00.000,43874660-ab5e-4b59-9f46-2174698c50e0,
,70.0,0,20,0,0,0,62,0,0,0,0,,0,,,,be162095-4e63-46fc-aaae-c94da49944a2,-1,,7,38.0,,0.0,,,,,80324dfc-2448-45cd-8865-834f722bce2f.extra_data.json,,0,,100.0,47,62,,62670031,2024-07-24 04:46:00.000,,62670070,2024-07-24 07:07:47.962,2024-07-24 05:48:03.485,UTC-0700,wFVf8Jbtp/,,com.sec.android.app.shealth,2024-07-24 05:48:00.000,80324dfc-2448-45cd-8865-834f722bce2f,
,77.0,35,47,0,8,23,491,93,1,6,0,,0,,,,,-1,,7,74.0,,6.0,,,,,9623133c-f268-4841-81be-4608836539c6.extra_data.json,,5,,95.0,92,491,,62670031,2024-07-18 04:23:00.000,,62670070,2024-07-18 12:34:17.506,2024-07-18 12:34:08.831,UTC-0700,wFVf8Jbtp/,,com.sec.android.app.shealth,2024-07-18 12:34:00.000,9623133c-f268-4841-81be-4608836539c6,
,95.0,55,56,4,3,24,447,251,0,7,,,0,,,128,,-1,,9,86.0,2024-07-25 13:10:00.000,9.0,,2024-07-25 05:09:00.000,,,,,8,239,91.0,89,461,1,62670031,2024-07-25 05:09:00.000,,62701610,2024-07-25 13:27:18.914,2024-07-25 13:27:12.260,UTC-0700,wFVf8Jbtp/,,com.sec.android.app.shealth,2024-07-25 12:50:00.000,2768f1ce-4ac3-4106-97a9-755ac0c52588,
,94.0,42,60,11,0,47,568,154,0,26,,,0,,,120,,-1,,9,92.0,2024-07-26 13:26:00.000,20.0,,2024-07-26 03:35:00.000,,,,,4,341,91.0,77,568,1,62670031,2024-07-26 03:35:00.000,,62701610,2024-07-26 13:45:24.656,2024-07-26 13:45:05.189,UTC-0700,wFVf8Jbtp/,,com.sec.android.app.shealth,2024-07-26 13:03:00.000,c0db4aca-eada-43eb-8b5e-f41e2846a782,
,90.0,45,45,10,0,12,280,266,0,4,,,0,,,82,,-1,,9,61.0,2024-07-27 12:06:00.000,9.0,,2024-07-27 06:55:00.000,,,,,3,141,95.0,71,280,1,62670031,2024-07-27 06:55:00.000,,62701610,2024-07-27 13:35:50.863,2024-07-27 12:08:18.422,UTC-0700,wFVf8Jbtp/,,com.sec.android.app.shealth,2024-07-27 11:35:00.000,3552d783-ee6d-4b95-b194-b3d715b0b5b6,
,95.0,0,0,1,0,4,76,34,0,0,,,0,,,56,,-1,,9,7.0,2024-07-27 22:09:00.000,8.0,,2024-07-27 20:34:00.000,,,,,2,16,93.0,40,77,1,62670031,2024-07-27 20:34:00.000,,62701610,2024-07-27 22:35:10.741,2024-07-27 22:34:31.155,UTC-0700,wFVf8Jbtp/,,com.sec.android.app.shealth,2024-07-27 21:51:00.000,f7ae705e-ab61-4221-9460-f6ac2290063c,
,52.0,0,0,7,0,9,210,160,0,0,,,0,,,29,,-1,,9,14.0,,9.0,,,,,,,1,172,95.0,38,210,1,62670031,2024-07-28 05:27:00.000,,62701610,2024-07-28 15:25:56.725,2024-07-28 15:23:57.453,UTC-0700,wFVf8Jbtp/,,com.sec.android.app.shealth,2024-07-28 08:57:00.000,ece74096-9644-41f7-b988-6004b636ca09,
,93.0,68,68,37,0,38,482,480,0,21,,,0,,,116,,-1,,9,90.0,2024-07-31 13:23:00.000,20.0,,2024-07-31 05:07:00.000,,,,,3,260,92.0,84,482,1,62670031,2024-07-31 05:07:00.000,,62701610,2024-07-31 19:11:07.435,2024-07-31 13:31:21.850,UTC-0700,wFVf8Jbtp/,,com.sec.android.app.shealth,2024-07-31 13:09:00.000,da6d295c-7dcf-49b1-ae82-3458f888eb8a,
,88.0,53,55,27,2,52,490,280,0,27,,,0,,,91,,-1,,9,86.0,2024-07-29 13:30:00.000,26.0,,2024-07-29 04:34:00.000,,,,,5,292,89.0,80,490,1,62670031,2024-07-29 04:34:00.000,,62701610,2024-07-29 13:47:37.185,2024-07-29 13:46:24.245,UTC-0700,wFVf8Jbtp/,,com.sec.android.app.shealth,2024-07-29 12:44:00.000,731cff14-7b88-4a21-94ec-8611755286b9,
,95.0,89,92,10,2,32,490,292,0,13,,,0,,,128,,-1,,9,96.0,2024-07-30 12:50:00.000,13.0,,2024-07-30 04:16:00.000,,,,,5,238,92.0,95,493,1,62670031,2024-07-30 04:16:00.000,,62701610,2024-07-30 13:14:29.025,2024-07-30 13:14:19.327,UTC-0700,wFVf8Jbtp/,,com.sec.android.app.shealth,2024-07-30 12:29:00.000,8672dc08-aa8b-48d4-906f-63c819d6b3dc,
,84.0,6,25,9,3,20,283,83,0,4,,,0,,,70,1b9515bb-df67-4358-899c-dc1c5048562b,-1,,9,42.0,,19.0,,,,,,,4,168,92.0,59,283,1,62670031,2024-08-01 07:41:00.000,,62701610,2024-08-01 18:28:53.050,2024-08-01 12:24:12.905,UTC-0700,wFVf8Jbtp/,,com.sec.android.app.shealth,2024-08-01 12:24:00.000,1d5fa036-6530-4dec-bc9e-94c9745b0891,
,82.0,19,19,1,0,2,57,55,0,0,,,0,,,20,1b9515bb-df67-4358-899c-dc1c5048562b,-1,,9,13.0,2024-08-01 13:50:00.000,5.0,,2024-08-01 12:32:00.000,,,,,1,16,96.0,60,57,1,62670031,2024-08-01 12:32:00.000,,62701610,2024-08-01 18:28:53.063,2024-08-01 14:15:21.230,UTC-0700,wFVf8Jbtp/,,com.sec.android.app.shealth,2024-08-01 13:29:00.000,11f8b181-8943-4e05-b4c4-eaaad7bf0958,
,61.0,35,35,5,1,7,144,134,0,0,,,0,,,28,,-1,,9,33.0,2024-08-01 18:03:00.000,9.0,,2024-08-01 15:17:00.000,,,,,1,74,95.0,62,144,1,62670031,2024-08-01 15:17:00.000,,62701610,2024-08-01 18:28:52.731,2024-08-01 18:28:48.182,UTC-0700,wFVf8Jbtp/,,com.sec.android.app.shealth,2024-08-01 17:41:00.000,7af73b09-548d-49c0-96d0-fd4fda04e260,
,37.0,27,27,15,2,15,158,157,0,4,,,0,,,19,1b9515bb-df67-4358-899c-dc1c5048562b,-1,,9,27.0,2024-08-01 06:51:00.000,22.0,,2024-08-01 04:07:00.000,,,,,0,97,90.0,47,158,1,62670031,2024-08-01 04:07:00.000,,62701610,2024-08-01 18:28:53.027,2024-08-01 06:58:50.136,UTC-0700,wFVf8Jbtp/,,com.sec.android.app.shealth,2024-08-01 06:45:00.000,dab056d7-c759-4b14-86d2-02828106e261,
,94.0,53,70,20,1,30,470,296,0,9,,,0,,,119,,-1,,9,92.0,2024-08-02 13:39:00.000,15.0,,2024-08-02 05:25:00.000,,,,,5,251,93.0,89,470,1,62670031,2024-08-02 05:25:00.000,,62701610,2024-08-02 14:06:35.766,2024-08-02 14:06:29.160,UTC-0700,wFVf8Jbtp/,,com.sec.android.app.shealth,2024-08-02 13:15:00.000,e514c6fe-f6a7-4634-860d-61f0ef2cdf80,
,26.0,17,25,10,0,21,151,89,0,17,,,0,,,14,,-1,,9,21.0,2024-08-02 23:04:00.000,36.0,,2024-08-02 20:26:00.000,,,,,1,91,86.0,43,151,1,62670031,2024-08-02 20:26:00.000,,62710130,2024-08-02 23:34:47.068,2024-08-02 23:34:18.162,UTC-0700,wFVf8Jbtp/,,com.sec.android.app.shealth,2024-08-02 22:57:00.000,22cfe9a0-e493-4e2f-b028-824c4f170d34,
,90.0,42,62,6,5,38,483,154,3,19,,,0,,,96,,-1,,9,89.0,2024-08-03 13:42:00.000,16.0,,2024-08-03 05:12:00.000,,,,,5,287,92.0,84,483,1,62670031,2024-08-03 05:12:00.000,,62710130,2024-08-03 13:57:11.141,2024-08-03 13:56:55.167,UTC-0700,wFVf8Jbtp/,,com.sec.android.app.shealth,2024-08-03 13:15:00.000,e2a7e94d-fc71-4074-a88f-dfacae3644de,
,91.0,47,50,17,2,29,464,409,0,9,,,0,,,98,,-1,,9,84.0,,12.0,,,,,,,3,287,93.0,84,464,1,62670031,2024-08-06 05:55:00.000,,62710130,2024-08-08 14:45:18.521,2024-08-06 13:39:26.275,UTC-0700,wFVf8Jbtp/,,com.sec.android.app.shealth,2024-08-06 13:39:00.000,ce7a8055-3a5b-4593-a196-d353d9679e8e,
,91.0,71,76,26,0,76,563,289,0,64,,,0,,,104,,-1,,9,94.0,2024-08-07 15:04:00.000,34.0,,2024-08-07 05:11:00.000,,,,,7,307,86.0,71,563,1,62670031,2024-08-07 05:11:00.000,,62710130,2024-08-08 14:45:21.820,2024-08-07 15:30:40.206,UTC-0700,wFVf8Jbtp/,,com.sec.android.app.shealth,2024-08-07 14:34:00.000,ecc41915-5aaf-4e0e-96b8-3cccc7ce15ef,
,95.0,90,90,18,8,32,515,462,0,9,,,0,,,131,,-1,,9,96.0,2024-08-05 13:58:00.000,12.0,,2024-08-05 05:01:00.000,,,,,8,262,93.0,92,515,1,62670031,2024-08-05 05:01:00.000,,62710130,2024-08-08 14:45:25.253,2024-08-05 14:23:28.154,UTC-0700,wFVf8Jbtp/,,com.sec.android.app.shealth,2024-08-05 13:36:00.000,a0741736-6523-4925-88d5-52738c0804b5,
,64.0,11,11,2,0,3,71,69,0,0,,,0,,,17,,-1,,9,10.0,2024-08-08 00:58:00.000,7.0,,2024-08-07 23:00:00.000,,,,,1,40,95.0,61,71,1,62670031,2024-08-07 23:00:00.000,,62710130,2024-08-08 14:45:26.147,2024-08-08 01:13:56.155,UTC-0700,wFVf8Jbtp/,,com.sec.android.app.shealth,2024-08-08 00:11:00.000,4c31a96f-9025-4baa-9894-411e91d4ee6a,
,84.0,39,65,4,0,17,353,105,0,4,,,0,,,72,,-1,,9,84.0,2024-08-04 13:24:00.000,10.0,,2024-08-04 06:39:00.000,,,,,3,199,94.0,81,357,1,62670031,2024-08-04 06:39:00.000,,62710130,2024-08-08 14:45:28.374,2024-08-04 13:54:26.188,UTC-0700,wFVf8Jbtp/,,com.sec.android.app.shealth,2024-08-04 12:36:00.000,0a432a6e-609e-478e-92e1-2f9ff92c2f91,
,98.0,62,62,19,4,22,569,536,0,0,,,0,,,170,,-1,,9,94.0,2024-08-08 14:35:00.000,7.0,,2024-08-08 04:44:00.000,,,,,6,315,96.0,86,569,1,62670031,2024-08-08 04:44:00.000,,62710130,2024-08-08 15:01:05.493,2024-08-08 15:00:55.196,UTC-0700,wFVf8Jbtp/,,com.sec.android.app.shealth,2024-08-08 14:13:00.000,a51b89ab-317d-4eb7-920a-631961b74a81,
,85.0,77,77,12,3,33,454,285,0,15,,,0,,,79,,-1,,9,92.0,2024-08-09 13:15:00.000,15.0,,2024-08-09 05:26:00.000,,,,,2,265,92.0,84,454,1,62670031,2024-08-09 05:26:00.000,,62710130,2024-08-09 13:42:51.974,2024-08-09 13:42:44.169,UTC-0700,wFVf8Jbtp/,,com.sec.android.app.shealth,2024-08-09 13:00:00.000,949ffd0e-9c14-44c1-bb6c-ab4747c64628,
,50.0,0,0,10,0,11,138,136,0,8,,,0,,,23,,-1,,9,10.0,2024-08-09 23:27:00.000,21.0,,2024-08-09 21:04:00.000,,,,,1,104,92.0,30,138,1,62670031,2024-08-09 21:04:00.000,,62710130,2024-08-09 23:27:57.424,2024-08-09 23:27:50.920,UTC-0700,wFVf8Jbtp/,,com.sec.android.app.shealth,2024-08-09 23:22:00.000,022e1a7a-5737-4481-af23-ad024addc159,
,78.0,36,58,0,0,51,374,88,0,37,,,0,,,68,,-1,,9,76.0,2024-08-10 13:43:00.000,24.0,,2024-08-10 07:15:00.000,,,,,5,197,86.0,81,374,1,62670031,2024-08-10 07:15:00.000,,62710130,2024-08-10 14:13:47.049,2024-08-10 14:13:38.375,UTC-0700,wFVf8Jbtp/,,com.sec.android.app.shealth,2024-08-10 13:29:00.000,592a6b6c-1c6a-42bf-97c2-db116bc64cf8,
,89.0,63,75,2,0,27,375,182,0,10,,,0,,,92,,-1,,9,88.0,2024-08-11 11:19:00.000,11.0,,2024-08-11 04:47:00.000,,,,,3,181,92.0,86,375,1,62670031,2024-08-11 04:47:00.000,,62710130,2024-08-11 11:38:36.732,2024-08-11 11:38:28.220,UTC-0700,wFVf8Jbtp/,,com.sec.android.app.shealth,2024-08-11 11:02:00.000,4bfad588-b04f-4af8-bfe7-6f97571829f7,
,76.0,25,39,4,0,9,152,93,0,5,,,0,,,39,,-1,,9,36.0,2024-08-11 20:00:00.000,14.0,,2024-08-11 17:10:00.000,,,,,3,65,94.0,60,152,1,62670031,2024-08-11 17:10:00.000,,62710130,2024-08-11 20:25:47.745,2024-08-11 20:25:42.151,UTC-0700,wFVf8Jbtp/,,com.sec.android.app.shealth,2024-08-11 19:42:00.000,f823e317-542f-45f5-b2f4-560610ad55d5,
,93.0,79,120,6,3,66,574,153,3,45,,,0,,,114,,-1,,9,98.0,2024-08-12 14:21:00.000,23.0,,2024-08-12 04:00:00.000,,,,,8,274,88.0,84,574,1,62670031,2024-08-12 04:00:00.000,,62710130,2024-08-12 14:35:05.603,2024-08-12 14:34:56.186,UTC-0700,wFVf8Jbtp/,,com.sec.android.app.shealth,2024-08-12 13:34:00.000,dcce70b4-f77a-4030-806f-24819593d1f4,
,89.0,41,51,4,1,37,519,153,0,22,,,0,,,90,,-1,,9,87.0,2024-08-13 15:31:00.000,14.0,,2024-08-13 05:52:00.000,,,,,4,341,90.0,78,532,1,62670031,2024-08-13 05:52:00.000,,62710130,2024-08-14 14:40:22.436,2024-08-13 15:57:38.167,UTC-0700,wFVf8Jbtp/,,com.sec.android.app.shealth,2024-08-13 14:44:00.000,43203fac-96cc-4574-9a22-89e87f23ace8,
,95.0,45,84,8,1,28,575,199,0,3,,,0,,,130,,-1,,9,97.0,2024-08-14 14:55:00.000,9.0,,2024-08-14 04:26:00.000,,,,,7,333,93.0,78,586,1,62670031,2024-08-14 04:26:00.000,,62710130,2024-08-14 15:25:18.684,2024-08-14 15:25:11.462,UTC-0700,wFVf8Jbtp/,,com.sec.android.app.shealth,2024-08-14 14:12:00.000,97af4adb-dd1b-4a9a-b78b-df50b8194cd1,
,90.0,38,38,12,0,13,272,270,0,3,,,0,,,82,04e243db-b785-45d4-826e-46c6ed4f2e82,-1,,9,54.0,2024-08-15 10:56:00.000,10.0,,2024-08-15 05:18:00.000,,,,,3,139,95.0,62,272,1,62670031,2024-08-15 05:18:00.000,,62710130,2024-08-15 13:17:41.235,2024-08-15 11:21:09.153,UTC-0700,wFVf8Jbtp/,,com.sec.android.app.shealth,2024-08-15 09:50:00.000,8b8a0a5a-187a-433f-8ece-5d3dabbe2e53,
,6.0,7,7,11,0,11,54,53,0,9,,,0,,,0,04e243db-b785-45d4-826e-46c6ed4f2e82,-1,,9,7.0,2024-08-15 13:08:00.000,58.0,,2024-08-15 12:07:00.000,,,,,0,36,79.0,31,54,1,62670031,2024-08-15 12:07:00.000,,62710130,2024-08-15 13:17:41.249,2024-08-15 13:15:48.133,UTC-0700,wFVf8Jbtp/,,com.sec.android.app.shealth,2024-08-15 13:01:00.000,8a04f153-3562-473c-be37-f1b38e06fc82,
,96.0,85,96,1,8,61,582,183,6,40,,,0,,,145,,-1,,9,97.0,2024-08-16 14:51:00.000,18.0,,2024-08-16 04:48:00.000,,,,,5,280,89.0,86,584,1,62670031,2024-08-16 04:48:00.000,,62710130,2024-08-16 15:15:36.695,2024-08-16 15:15:24.154,UTC-0700,wFVf8Jbtp/,,com.sec.android.app.shealth,2024-08-16 14:32:00.000,a86e5e23-bb8f-4bb6-a457-21e5216369a8,
,83.0,70,70,4,0,7,282,258,0,0,,,0,,,63,,-1,,9,81.0,2024-08-17 13:19:00.000,4.0,,2024-08-17 07:31:00.000,,,,,3,142,97.0,74,282,1,62670031,2024-08-17 07:31:00.000,,62710130,2024-08-17 13:33:02.746,2024-08-17 13:32:56.518,UTC-0700,wFVf8Jbtp/,,com.sec.android.app.shealth,2024-08-17 12:13:00.000,0aa8211c-52dd-4db7-94e8-a054d9d98cd9,
,94.0,54,54,19,3,32,513,275,0,3,,,0,,,123,,-1,,9,90.0,2024-08-18 12:49:00.000,14.0,,2024-08-18 03:59:00.000,,,,,4,304,93.0,88,513,1,62670031,2024-08-18 03:59:00.000,,62710130,2024-08-18 13:00:03.228,2024-08-18 12:59:46.100,UTC-0700,wFVf8Jbtp/,,com.sec.android.app.shealth,2024-08-18 12:32:00.000,6b523862-9773-47ef-b91d-aa71177e957c,
,74.0,31,40,18,2,32,377,198,0,17,,,0,960000,0,58,4e8b0e70-7f3c-4c06-b01b-0992a654ce71,-1,-1,9,66.0,2024-08-19 11:34:00.000,22.0,,2024-08-19 05:06:00.000,,,,,2,247,91.0,69,377,1,62710251,2024-08-19 05:06:00.000,,62710150,2024-08-19 22:00:23.376,2024-08-19 11:34:49.449,UTC-0700,wFVf8Jbtp/,,com.sec.android.app.shealth,2024-08-19 11:23:00.000,4e13d238-f575-4364-9605-0db94f416fe4,
,6.0,4,4,3,0,3,51,50,0,0,,,0,1200000,1560000,0,4e8b0e70-7f3c-4c06-b01b-0992a654ce71,-1,-1,9,7.0,2024-08-19 12:39:00.000,12.0,,2024-08-19 11:40:00.000,,,,,0,44,94.0,36,51,1,62710251,2024-08-19 11:40:00.000,,62710150,2024-08-19 22:00:23.393,2024-08-19 13:05:24.494,UTC-0700,wFVf8Jbtp/,,com.sec.android.app.shealth,2024-08-19 12:31:00.000,bfa0ee89-7128-4b3f-b416-18d4a71c1470,
,85.0,9,9,3,0,3,83,82,0,0,,,0,900000,0,30,,-1,-1,9,10.0,,7.0,,,,,,,1,41,96.0,55,83,1,62710251,2024-08-19 20:37:00.000,,62710150,2024-08-19 22:00:22.857,2024-08-19 22:00:15.718,UTC-0700,wFVf8Jbtp/,,com.sec.android.app.shealth,2024-08-19 22:00:00.000,8093e97c-07f3-41b4-b644-fef462a1a0e8,
,89.0,38,42,1,0,23,346,62,0,17,,,0,900000,600000,89,,-1,-1,9,64.0,2024-08-20 12:14:00.000,13.0,,2024-08-20 06:13:00.000,,,,,4,192,93.0,77,346,1,62710251,2024-08-20 06:13:00.000,,62710150,2024-08-20 12:24:49.816,2024-08-20 12:24:42.287,UTC-0700,wFVf8Jbtp/,,com.sec.android.app.shealth,2024-08-20 11:59:00.000,e0bc9c96-5814-4812-b5f9-443ae40ffcd6,
,79.0,20,30,38,0,52,333,231,0,40,,,0,780000,480000,70,,-1,-1,9,45.0,2024-08-21 11:04:00.000,44.0,,2024-08-21 05:27:00.000,,,,,3,181,84.0,60,333,1,62710251,2024-08-21 05:27:00.000,,62710150,2024-08-21 17:22:26.597,2024-08-21 11:12:43.523,UTC-0700,wFVf8Jbtp/,,com.sec.android.app.shealth,2024-08-21 11:00:00.000,d1a8d8f7-796b-43f6-80e5-56ad9eba96e1,
,94.0,22,44,2,0,13,296,72,0,0,,,0,840000,0,103,c67e0dc5-313c-45c1-a318-ffcfe86db3ea,-1,-1,9,64.0,,7.0,,,,,,,4,136,95.0,68,296,1,62710251,2024-08-22 13:10:00.000,,62710150,2024-08-22 23:02:38.090,2024-08-22 18:06:55.133,UTC+0800,wFVf8Jbtp/,,com.sec.android.app.shealth,2024-08-22 18:06:00.000,02264bdc-ff83-48c6-ad6d-3e5ac4cabf1c,
,6.0,21,21,4,0,4,55,54,0,0,,,0,720000,1500000,0,c67e0dc5-313c-45c1-a318-ffcfe86db3ea,-1,-1,9,14.0,,15.0,,,,,,,0,30,92.0,44,55,1,62710251,2024-08-22 18:51:00.000,,62710150,2024-08-22 23:02:38.095,2024-08-22 20:11:26.134,UTC+0800,wFVf8Jbtp/,,com.sec.android.app.shealth,2024-08-22 19:46:00.000,3da5c972-6874-48b9-b4df-e45d102098ea,
,6.0,21,21,0,0,0,55,54,0,0,,,0,780000,0,0,c67e0dc5-313c-45c1-a318-ffcfe86db3ea,-1,-1,9,14.0,,0.0,,,,,,,0,34,100.0,46,55,1,62710251,2024-08-22 20:37:00.000,,62710150,2024-08-22 23:02:38.101,2024-08-22 21:32:41.499,UTC+0800,wFVf8Jbtp/,,com.sec.android.app.shealth,2024-08-22 21:32:00.000,7fac6fb4-9e1b-42a8-951d-50ada7cc413b,
,59.0,9,9,6,1,10,80,75,0,0,,,0,60000,0,18,c67e0dc5-313c-45c1-a318-ffcfe86db3ea,-1,-1,9,10.0,,21.0,,,,,,,1,43,87.0,55,80,1,62710251,2024-08-22 21:42:00.000,,62710150,2024-08-22 23:02:38.109,2024-08-22 23:02:33.378,UTC+0800,wFVf8Jbtp/,,com.sec.android.app.shealth,2024-08-22 23:02:00.000,7af07e73-cd11-472c-8cda-3dada641194c,
,92.0,22,50,0,0,83,548,64,0,69,,,0,1200000,1560000,109,,-1,-1,9,85.0,2024-08-23 21:36:00.000,28.0,,2024-08-23 12:17:00.000,,,,,4,306,84.0,78,548,1,62710251,2024-08-23 12:17:00.000,,62710150,2024-08-23 22:05:24.599,2024-08-23 22:02:13.217,UTC+0800,wFVf8Jbtp/,,com.sec.android.app.shealth,2024-08-23 21:25:00.000,80ba2988-f0e8-4e98-af5c-bd7bf243a6cc,
,92.0,44,79,14,2,55,588,228,0,32,,,0,900000,1500000,104,,-1,-1,9,96.0,2024-08-24 22:17:00.000,21.0,,2024-08-24 12:17:00.000,,,,,6,350,90.0,70,588,1,62710251,2024-08-24 12:17:00.000,,62710150,2024-08-25 00:47:24.757,2024-08-24 22:42:48.202,UTC+0800,wFVf8Jbtp/,,com.sec.android.app.shealth,2024-08-24 22:05:00.000,aa3be961-92ed-4776-a8de-65cc07da2062,
,56.0,38,38,3,0,11,159,84,0,3,,,0,960000,1620000,28,,-1,-1,9,37.0,2024-08-25 09:44:00.000,12.0,,2024-08-25 06:53:00.000,,,,,3,82,93.0,59,159,1,62710251,2024-08-25 06:53:00.000,,62710150,2024-08-25 10:13:32.735,2024-08-25 10:11:25.075,UTC+0800,wFVf8Jbtp/,,com.sec.android.app.shealth,2024-08-25 09:32:00.000,7488f0b2-a11e-4cc3-a24a-5dd3f6a85cf1,
,41.0,0,0,5,0,5,83,82,0,5,,,0,960000,0,13,e24ea22b-38c4-4234-b2fc-7b5aadf3b5ff,-1,-1,9,7.0,,18.0,,,,,,,1,65,93.0,33,83,1,62710251,2024-08-25 14:47:00.000,,62710150,2024-08-25 22:39:30.274,2024-08-25 16:10:50.448,UTC+0800,wFVf8Jbtp/,,com.sec.android.app.shealth,2024-08-25 16:10:00.000,1296ba86-f24b-4f14-a0a9-638cdb50d26f,
,67.0,50,50,14,3,33,272,203,3,24,,,0,900000,1620000,48,e24ea22b-38c4-4234-b2fc-7b5aadf3b5ff,-1,-1,9,59.0,2024-08-25 22:11:00.000,28.0,,2024-08-25 17:31:00.000,,,,,2,141,87.0,61,272,1,62710251,2024-08-25 17:31:00.000,,62710150,2024-08-25 22:39:30.289,2024-08-25 22:38:49.270,UTC+0800,wFVf8Jbtp/,,com.sec.android.app.shealth,2024-08-25 22:03:00.000,8addcb50-0ae9-475e-91ea-68dfc18724dc,
,95.0,41,54,18,5,30,551,406,0,4,,,0,1200000,1800000,127,,-1,-1,9,92.0,2024-08-26 22:37:00.000,11.0,,2024-08-26 13:08:00.000,,,,,5,340,94.0,81,551,1,62710251,2024-08-26 13:08:00.000,,62710150,2024-08-27 00:28:33.401,2024-08-26 23:15:00.273,UTC+0800,wFVf8Jbtp/,,com.sec.android.app.shealth,2024-08-26 22:19:00.000,9d9602e4-19bb-442f-bca1-bb0845022533,
,24.0,28,34,1,0,16,155,85,0,8,,,0,840000,1440000,12,,-1,-1,9,31.0,,17.0,,,,,,,2,93,89.0,50,155,1,62710251,2024-08-27 05:00:00.000,,62710150,2024-08-27 07:59:09.116,2024-08-27 07:59:03.188,UTC+0800,wFVf8Jbtp/,,com.sec.android.app.shealth,2024-08-27 07:35:00.000,cc0ae1f9-c0ba-4f6f-bc82-41a3ead5f6e9,
,91.0,49,49,20,3,31,461,403,0,14,,,0,840000,1440000,101,,-1,-1,9,82.0,2024-08-27 22:26:00.000,15.0,,2024-08-27 14:39:00.000,,,,,5,280,93.0,82,461,1,62710251,2024-08-27 14:39:00.000,,62710150,2024-08-27 22:51:11.162,2024-08-27 22:50:13.270,UTC+0800,wFVf8Jbtp/,,com.sec.android.app.shealth,2024-08-27 22:20:00.000,346a4fef-7890-4927-bf0e-17081f658dce,
,96.0,53,110,49,4,83,596,261,0,63,,,0,1140000,1560000,150,,-1,-1,9,98.0,2024-08-28 23:16:00.000,43.0,,2024-08-28 12:50:00.000,,,,,7,253,86.0,76,596,1,62710251,2024-08-28 12:50:00.000,,62710150,2024-08-28 23:44:14.892,2024-08-28 23:43:30.260,UTC+0800,wFVf8Jbtp/,,com.sec.android.app.shealth,2024-08-28 22:46:00.000,8202c184-aa39-4ff7-bf79-3c512eb8b23b,
,83.0,64,64,11,1,17,391,332,0,0,,,0,1020000,1500000,70,,-1,-1,9,87.0,2024-08-29 21:28:00.000,8.0,,2024-08-29 14:51:00.000,,,,,1,240,95.0,83,391,1,62710251,2024-08-29 14:51:00.000,,62710150,2024-08-29 23:35:52.548,2024-08-29 21:53:24.342,UTC+0800,wFVf8Jbtp/,,com.sec.android.app.shealth,2024-08-29 21:22:00.000,6beba03d-0caf-489c-a09d-b41b9db2b2ea,
,5.0,0,0,0,0,0,14,13,0,0,,,0,840000,0,0,,-1,-1,9,5.0,,0.0,,,,,,,0,14,100.0,28,14,1,62710251,2024-08-29 22:20:00.000,,62710150,2024-08-29 23:35:52.655,2024-08-29 22:35:01.284,UTC+0800,wFVf8Jbtp/,,com.sec.android.app.shealth,2024-08-29 22:34:00.000,9e805403-6582-4250-8e5a-47349e0bbaf4,
,64.0,34,34,23,0,39,266,242,0,32,,,0,900000,300000,46,0cb18444-94ed-4241-9f1a-dd4411153192,-1,-1,9,40.0,,36.0,,,,,,,3,147,85.0,51,266,1,62710251,2024-08-30 13:36:00.000,,62720090,2024-08-31 09:32:16.501,2024-08-30 18:07:09.334,UTC+0800,wFVf8Jbtp/,,com.sec.android.app.shealth,2024-08-30 18:02:00.000,83815686-5f99-447b-9cc4-ea356dd849f9,
,75.0,28,28,7,2,14,260,134,0,0,,,0,60000,0,52,0cb18444-94ed-4241-9f1a-dd4411153192,-1,-1,9,43.0,2024-08-30 22:42:00.000,11.0,,2024-08-30 18:14:00.000,,,,,3,166,94.0,62,260,1,62710251,2024-08-30 18:14:00.000,,62720090,2024-08-31 09:32:16.581,2024-08-30 22:42:05.891,UTC+0800,wFVf8Jbtp/,,com.sec.android.app.shealth,2024-08-30 22:34:00.000,c7157979-c2af-4f3e-964d-cb173d4fc959,
,11.0,44,44,8,0,8,167,166,0,3,,,0,1020000,1680000,0,,-1,-1,9,44.0,2024-08-31 03:56:00.000,11.0,,2024-08-31 00:41:00.000,,,,,0,115,95.0,43,167,1,62710251,2024-08-31 00:41:00.000,,62720090,2024-08-31 04:24:38.459,2024-08-31 04:24:33.406,UTC+0800,wFVf8Jbtp/,,com.sec.android.app.shealth,2024-08-31 03:28:00.000,28b80b6b-12b8-4a4f-9f85-0849d73e0d8f,
,44.0,41,41,28,0,30,214,182,0,26,,,0,840000,1680000,28,,-1,-1,9,41.0,2024-08-31 09:04:00.000,42.0,,2024-08-31 04:49:00.000,,,,,1,115,85.0,51,214,1,62710251,2024-08-31 04:49:00.000,,62720090,2024-08-31 09:32:15.563,2024-08-31 09:32:07.678,UTC+0800,wFVf8Jbtp/,,com.sec.android.app.shealth,2024-08-31 08:23:00.000,11395f32-d970-4d4d-8116-13d9eb0e8e7b,
,60.0,30,53,51,0,57,401,254,0,36,,,0,840000,1500000,43,,-1,-1,9,75.0,2024-08-31 23:16:00.000,43.0,,2024-08-31 15:49:00.000,,,,,2,248,85.0,70,401,1,62710251,2024-08-31 15:49:00.000,,62720090,2024-09-01 00:23:26.746,2024-08-31 23:50:01.210,UTC+0800,wFVf8Jbtp/,,com.sec.android.app.shealth,2024-08-31 22:30:00.000,d365aa2c-eddf-4e06-be34-34ba5134dfad,
,57.0,20,20,2,0,7,120,97,0,0,,,0,1200000,1020000,23,,-1,-1,9,19.0,,8.0,,,,,,,1,70,94.0,61,120,1,62710251,2024-09-01 04:03:00.000,,62720090,2024-09-01 06:20:19.043,2024-09-01 06:20:12.193,UTC+0800,wFVf8Jbtp/,,com.sec.android.app.shealth,2024-09-01 06:03:00.000,3efb7d95-0495-47fe-b93d-4d94c8a4e392,
,83.0,34,84,16,3,28,379,155,0,8,,,0,1200000,1560000,73,,-1,-1,9,91.0,2024-09-01 22:52:00.000,20.0,,2024-09-01 16:07:00.000,,,,,4,194,92.0,83,379,1,62710251,2024-09-01 16:07:00.000,,62720090,2024-09-02 03:39:10.858,2024-09-01 23:18:46.182,UTC+0800,wFVf8Jbtp/,,com.sec.android.app.shealth,2024-09-01 22:26:00.000,a61c442e-d425-4571-afc3-86ad6685e68a,
,85.0,6,24,5,0,23,374,79,0,3,,,0,1020000,1380000,77,,-1,-1,9,55.0,2024-09-02 20:42:00.000,13.0,,2024-09-02 14:24:00.000,,,,,4,250,93.0,77,374,1,62710251,2024-09-02 14:24:00.000,,62720090,2024-09-03 01:52:03.425,2024-09-02 21:05:02.281,UTC+0800,wFVf8Jbtp/,,com.sec.android.app.shealth,2024-09-02 20:38:00.000,65832620-604e-4619-9823-530ea1f96275,
,43.0,18,21,1,0,8,186,81,0,3,,,0,840000,1140000,22,,-1,-1,9,26.0,2024-09-03 23:52:00.000,7.0,,2024-09-03 20:39:00.000,,,,,1,135,95.0,52,186,1,62710251,2024-09-03 20:39:00.000,,62720090,2024-09-04 00:44:52.902,2024-09-04 00:11:26.174,UTC+0300,wFVf8Jbtp/,,com.sec.android.app.shealth,2024-09-03 23:45:00.000,ba476a4f-691f-4e8d-b8c0-0e584670eca1,
,94.0,39,87,19,0,49,503,215,0,36,,,0,840000,1560000,129,,-1,-1,9,94.0,2024-09-05 04:16:00.000,26.0,,2024-09-04 19:47:00.000,,,,,4,238,90.0,91,503,1,62720071,2024-09-04 19:47:00.000,,62720090,2024-09-05 04:45:05.224,2024-09-05 04:42:29.452,UTC+0200,wFVf8Jbtp/,,com.sec.android.app.shealth,2024-09-05 04:10:00.000,20ac8bfb-7f98-4825-9aa1-ae90d8e0af0a,
,93.0,35,47,3,0,12,321,93,0,4,,,0,780000,0,98,a10c2cb0-b938-4574-a9d1-40efc6e31006,-1,-1,9,69.0,,8.0,,,,,,,4,164,96.0,71,321,1,62720071,2024-09-05 21:03:00.000,,62720090,2024-09-06 06:10:27.608,2024-09-06 02:24:05.467,UTC+0200,wFVf8Jbtp/,,com.sec.android.app.shealth,2024-09-06 02:24:00.000,e3903af1-9454-479b-9264-97f6a0e869b7,
,77.0,36,36,3,0,6,132,120,0,0,,,0,1080000,1560000,36,a10c2cb0-b938-4574-a9d1-40efc6e31006,-1,-1,9,33.0,2024-09-06 05:10:00.000,7.0,,2024-09-06 02:53:00.000,,,,,1,54,95.0,64,132,1,62720071,2024-09-06 02:53:00.000,,62720090,2024-09-06 06:10:27.618,2024-09-06 05:36:05.170,UTC+0200,wFVf8Jbtp/,,com.sec.android.app.shealth,2024-09-06 05:05:00.000,3dda058a-b385-47b5-b57b-81f643933957,
,92.0,51,51,30,1,39,461,306,0,18,,,0,960000,1440000,112,,-1,-1,9,83.0,2024-09-07 03:54:00.000,22.0,,2024-09-06 20:03:00.000,,,,,4,259,91.0,84,461,1,62720071,2024-09-06 20:03:00.000,,62720090,2024-09-07 04:43:54.500,2024-09-07 04:18:51.372,UTC+0200,wFVf8Jbtp/,,com.sec.android.app.shealth,2024-09-07 03:44:00.000,ca961283-ba6e-445b-9539-ac61d7e4ec19,
,7.0,23,23,12,0,13,75,73,0,10,,,0,780000,1440000,1,17fa5c3f-c766-4737-9c35-db6329054d2c,-1,-1,9,15.0,2024-09-07 21:22:00.000,47.0,,2024-09-07 20:02:00.000,,,,,1,38,82.0,41,75,1,62720071,2024-09-07 20:02:00.000,,62720090,2024-09-08 06:26:05.329,2024-09-07 21:46:54.215,UTC+0200,wFVf8Jbtp/,,com.sec.android.app.shealth,2024-09-07 21:17:00.000,723723e9-45c6-43ae-b95b-79e98adcbf1b,
,94.0,61,66,19,0,25,436,369,0,10,,,0,780000,1560000,120,17fa5c3f-c766-4737-9c35-db6329054d2c,-1,-1,9,89.0,2024-09-08 05:30:00.000,13.0,,2024-09-07 22:01:00.000,,,,,4,225,94.0,95,436,1,62720071,2024-09-07 22:01:00.000,,62720090,2024-09-08 06:26:05.351,2024-09-08 05:56:44.583,UTC+0200,wFVf8Jbtp/,,com.sec.android.app.shealth,2024-09-08 05:17:00.000,e9a828fc-b7c0-4bd6-a2a1-72c1b88539f0,
,87.0,35,57,1,0,32,500,118,0,13,,,0,960000,480000,83,,-1,-1,9,89.0,2024-09-09 04:58:00.000,10.0,,2024-09-08 20:22:00.000,,,,,4,328,93.0,85,500,1,62720071,2024-09-08 20:22:00.000,,62720090,2024-09-09 05:16:39.150,2024-09-09 05:08:47.028,UTC+0200,wFVf8Jbtp/,,com.sec.android.app.shealth,2024-09-09 04:42:00.000,b69c7f94-490f-424d-b1c0-ec988c454166,
,75.0,28,28,30,0,36,378,335,0,24,,,0,960000,1500000,60,,-1,-1,9,53.0,2024-09-10 04:12:00.000,25.0,,2024-09-09 21:40:00.000,,,,,3,254,90.0,67,378,1,62720071,2024-09-09 21:40:00.000,,62720090,2024-09-10 07:04:21.227,2024-09-10 04:37:50.241,UTC+0200,wFVf8Jbtp/,,com.sec.android.app.shealth,2024-09-10 03:58:00.000,9b59e7b2-8a19-4ef1-876c-bc46e58cae6c,
,92.0,71,86,29,0,38,470,312,0,19,,,0,1200000,1440000,108,,-1,-1,9,94.0,2024-09-11 04:36:00.000,21.0,,2024-09-10 20:39:00.000,,,,,7,238,91.0,88,470,1,62720071,2024-09-10 20:39:00.000,,62720090,2024-09-11 06:10:49.553,2024-09-11 05:00:23.171,UTC+0200,wFVf8Jbtp/,,com.sec.android.app.shealth,2024-09-11 04:29:00.000,fd7e400d-385d-4774-a0ab-4e60460fcf4c,
,90.0,28,72,31,1,50,475,139,0,31,,,0,840000,1560000,103,,-1,-1,9,90.0,2024-09-12 05:08:00.000,39.0,,2024-09-11 21:06:00.000,,,,,3,250,89.0,86,475,1,62720071,2024-09-11 21:06:00.000,,62720090,2024-09-12 06:14:08.619,2024-09-12 05:34:05.308,UTC+0200,wFVf8Jbtp/,,com.sec.android.app.shealth,2024-09-12 05:01:00.000,ce67bd07-8e7d-4531-8ad2-2dfc9484b14a,
,95.0,53,83,8,2,55,584,195,0,28,,,0,900000,1380000,135,,-1,-1,9,96.0,2024-09-13 06:07:00.000,18.0,,2024-09-12 20:10:00.000,,,,,5,311,90.0,76,584,1,62720071,2024-09-12 20:10:00.000,,62720090,2024-09-13 06:30:24.858,2024-09-13 06:30:08.970,UTC+0200,wFVf8Jbtp/,,com.sec.android.app.shealth,2024-09-13 05:54:00.000,da57869c-f9fa-41b7-a5ee-c86252beb90f,
,95.0,40,44,29,4,44,452,171,3,29,,,0,840000,0,138,,-1,-1,9,76.0,,33.0,,,,,,,3,226,90.0,81,452,1,62720071,2024-09-13 22:15:00.000,,62720090,2024-09-14 05:49:21.087,2024-09-14 05:47:58.414,UTC+0200,wFVf8Jbtp/,,com.sec.android.app.shealth,2024-09-14 05:47:00.000,9a8e9346-a262-411e-b47c-a4dbff0c9a02,
,98.0,133,167,10,0,17,630,333,0,0,,,0,780000,840000,176,,-1,-1,9,99.0,2024-09-15 07:25:00.000,6.0,,2024-09-14 19:17:00.000,,,,,7,270,97.0,78,630,1,62720071,2024-09-14 19:17:00.000,,62720090,2024-09-15 08:14:12.541,2024-09-15 07:39:34.251,UTC+0200,wFVf8Jbtp/,,com.sec.android.app.shealth,2024-09-15 05:47:00.000,6d33b10a-02a9-4670-bdb5-8cd54dc6adbc,
,7.0,0,0,8,0,8,71,70,0,3,,,0,840000,0,0,,-1,-1,9,7.0,,27.0,,,,,,,0,63,88.0,21,71,1,62720071,2024-09-15 10:43:00.000,,62720090,2024-09-15 11:54:36.051,2024-09-15 11:54:27.944,UTC+0200,wFVf8Jbtp/,,com.sec.android.app.shealth,2024-09-15 11:54:00.000,5e838e5b-2b58-4011-bed5-b2b4d20e7163,
,90.0,97,98,55,1,69,529,430,0,42,,,0,1200000,420000,99,,-1,-1,9,96.0,2024-09-16 05:32:00.000,34.0,,2024-09-15 20:36:00.000,,,,,3,263,86.0,84,529,1,62720071,2024-09-15 20:36:00.000,,62720090,2024-09-16 08:38:52.940,2024-09-16 05:39:17.268,UTC+0200,wFVf8Jbtp/,,com.sec.android.app.shealth,2024-09-16 05:25:00.000,1706f287-0d67-4eee-a98b-9e232cad062f,
,58.0,0,0,11,0,19,127,97,0,10,,,0,900000,0,26,,-1,-1,9,9.0,,34.0,,,,,,,1,82,85.0,35,127,1,62720071,2024-09-16 11:00:00.000,,62720090,2024-09-16 13:10:21.948,2024-09-16 13:07:28.481,UTC+0200,wFVf8Jbtp/,,com.sec.android.app.shealth,2024-09-16 13:07:00.000,2c38b884-7ae1-4925-8619-49709ec53a06,
,92.0,54,54,29,2,38,577,399,0,7,,,0,1140000,720000,100,,-1,-1,9,92.0,2024-09-17 05:22:00.000,15.0,,2024-09-16 19:35:00.000,,,,,5,385,93.0,73,577,1,62720071,2024-09-16 19:35:00.000,,62720090,2024-09-17 05:56:58.829,2024-09-17 05:34:09.181,UTC+0200,wFVf8Jbtp/,,com.sec.android.app.shealth,2024-09-17 05:12:00.000,19996660-4e41-4737-bf3f-1492fbfb298e,
,87.0,59,59,18,0,20,409,403,0,0,,,0,900000,1560000,82,,-1,-1,9,86.0,2024-09-18 03:50:00.000,9.0,,2024-09-17 20:46:00.000,,,,,4,248,95.0,85,409,1,62720071,2024-09-17 20:46:00.000,,62720090,2024-09-18 05:51:26.081,2024-09-18 04:16:54.470,UTC+0200,wFVf8Jbtp/,,com.sec.android.app.shealth,2024-09-18 03:35:00.000,869407c4-1b24-496a-971f-fa311ba10658,
,95.0,52,52,7,0,12,444,360,0,3,,,0,1020000,300000,124,,-1,-1,9,85.0,2024-09-19 05:29:00.000,5.0,,2024-09-18 21:18:00.000,,,,,5,256,97.0,93,444,1,62720071,2024-09-18 21:18:00.000,,62720090,2024-09-19 05:52:58.755,2024-09-19 05:34:59.144,UTC+0200,wFVf8Jbtp/,,com.sec.android.app.shealth,2024-09-19 04:42:00.000,5f171382-42e7-4b5d-b266-87e2695a4593,
,88.0,68,68,4,3,24,451,164,0,4,,,0,840000,1620000,87,,-1,-1,9,91.0,2024-09-20 03:23:00.000,9.0,,2024-09-19 19:48:00.000,,,,,6,272,94.0,96,451,1,62720071,2024-09-19 19:48:00.000,,62720090,2024-09-20 13:29:09.404,2024-09-20 03:50:43.291,UTC+0200,wFVf8Jbtp/,,com.sec.android.app.shealth,2024-09-20 03:19:00.000,95ae4223-19db-4a2f-8123-1151140d8e7b,
,92.0,71,110,6,0,51,531,213,0,36,,,0,1080000,1620000,107,,-1,-1,9,97.0,2024-09-21 05:57:00.000,19.0,,2024-09-20 20:53:00.000,,,,,4,263,90.0,92,531,1,62720071,2024-09-20 20:53:00.000,,62720090,2024-09-21 06:51:57.665,2024-09-21 06:24:31.590,UTC+0200,wFVf8Jbtp/,,com.sec.android.app.shealth,2024-09-21 05:44:00.000,fb99bf47-bc4b-4434-aebd-c42bcd1d9561,
,18.0,20,20,8,0,12,117,112,0,4,,,0,840000,720000,8,,-1,-1,9,18.0,,21.0,,,,,,,2,77,89.0,46,117,1,62720071,2024-09-21 13:00:00.000,,62720090,2024-09-22 11:02:35.913,2024-09-21 15:09:18.644,UTC+0200,wFVf8Jbtp/,,com.sec.android.app.shealth,2024-09-21 14:57:00.000,dad77805-222b-4dff-b696-65dade3b0b20,
,94.0,76,77,15,3,82,546,355,0,65,,,0,780000,1620000,125,,-1,-1,9,93.0,2024-09-22 06:25:00.000,31.0,,2024-09-21 21:13:00.000,,,,,6,262,84.0,79,546,1,62720071,2024-09-21 21:13:00.000,,62720090,2024-09-22 11:02:35.398,2024-09-22 06:52:31.210,UTC+0200,wFVf8Jbtp/,,com.sec.android.app.shealth,2024-09-22 06:19:00.000,f84f9668-8342-4d65-8d31-0acd2eb12b38,
,89.0,70,70,56,0,61,506,403,0,43,,,0,1140000,1020000,98,,-1,-1,9,91.0,2024-09-23 05:23:00.000,34.0,,2024-09-22 20:52:00.000,,,,,5,277,87.0,82,506,1,62720071,2024-09-22 20:52:00.000,,62720090,2024-09-23 05:59:14.958,2024-09-23 05:40:19.120,UTC+0200,wFVf8Jbtp/,,com.sec.android.app.shealth,2024-09-23 05:18:00.000,37d9b2a9-0a69-4be3-b555-a45dfdcfe2b0,
,83.0,76,76,10,2,23,340,231,0,9,,,0,1020000,1800000,72,,-1,-1,9,86.0,2024-09-24 04:18:00.000,14.0,,2024-09-23 21:04:00.000,,,,,3,169,93.0,78,340,1,62720071,2024-09-23 21:04:00.000,,62720090,2024-09-24 04:49:03.431,2024-09-24 04:48:43.128,UTC+0200,wFVf8Jbtp/,,com.sec.android.app.shealth,2024-09-24 02:44:00.000,6ad6cf87-6f68-4b9d-a9f8-e65608c628c3,
,90.0,77,119,3,0,39,459,159,0,25,,,0,1020000,1800000,98,,-1,-1,9,97.0,2024-09-25 04:18:00.000,16.0,,2024-09-24 19:56:00.000,,,,,5,203,91.0,90,459,1,62720071,2024-09-24 19:56:00.000,,62720090,2024-09-25 05:24:35.823,2024-09-25 04:48:31.251,UTC+0200,wFVf8Jbtp/,,com.sec.android.app.shealth,2024-09-25 03:35:00.000,a586882b-2c95-41ca-b826-24cdd5a3d75e,
,6.0,0,0,10,0,10,67,66,0,6,,,0,900000,600000,0,,-1,-1,9,6.0,,39.0,,,,,,,0,57,85.0,21,67,1,62720071,2024-09-25 14:30:00.000,,62720090,2024-09-25 15:48:16.605,2024-09-25 15:47:22.268,UTC+0200,wFVf8Jbtp/,,com.sec.android.app.shealth,2024-09-25 15:37:00.000,7cb3d8e4-cc51-418f-ac86-b973e8ca4eef,
,60.0,27,27,7,0,11,189,174,0,0,,,0,840000,300000,33,,-1,-1,9,32.0,,10.0,,,,,,,1,118,94.0,51,189,1,62720071,2024-09-25 21:09:00.000,,62720090,2024-09-26 00:25:00.378,2024-09-26 00:23:16.228,UTC+0200,wFVf8Jbtp/,,com.sec.android.app.shealth,2024-09-26 00:18:00.000,6667f07b-1995-4fdb-a83e-f31e193f000a,
,8.0,1,1,7,0,7,105,104,0,4,,,0,1200000,1140000,0,,-1,-1,9,8.0,,17.0,,,,,,,0,97,93.0,30,105,1,62720071,2024-09-26 12:20:00.000,,62720090,2024-09-26 16:54:34.593,2024-09-26 14:24:56.147,UTC+0200,wFVf8Jbtp/,,com.sec.android.app.shealth,2024-09-26 14:05:00.000,3b7001e7-c509-488d-892a-84d97cfa8f68,
,95.0,59,80,4,0,41,560,169,0,22,,,0,840000,420000,134,,-1,-1,9,95.0,2024-09-27 13:21:00.000,14.0,,2024-09-27 03:54:00.000,,,,,5,305,92.0,82,560,1,62720071,2024-09-27 03:54:00.000,,62720090,2024-09-27 14:05:07.113,2024-09-27 13:28:00.192,UTC-0700,wFVf8Jbtp/,,com.sec.android.app.shealth,2024-09-27 13:14:00.000,e7793b05-a3e4-45ee-bf2d-a0740361d1c0,
,80.0,17,17,16,0,19,342,288,0,0,,,0,840000,360000,65,5abcefca-371f-496a-a9f1-36a867d25cb1,-1,-1,9,44.0,2024-09-28 11:34:00.000,11.0,,2024-09-28 05:48:00.000,,,,,3,241,94.0,67,342,1,62720071,2024-09-28 05:48:00.000,,62720090,2024-09-29 19:43:09.503,2024-09-28 11:45:04.274,UTC-0700,wFVf8Jbtp/,,com.sec.android.app.shealth,2024-09-28 11:30:00.000,18f201de-c5c8-4f98-a975-16665a9c64ab,
,55.0,1,1,6,0,12,126,97,0,0,,,0,1200000,0,24,5abcefca-371f-496a-a9f1-36a867d25cb1,-1,-1,9,9.0,2024-09-28 14:28:00.000,16.0,,2024-09-28 12:17:00.000,,,,,1,89,90.0,48,126,1,62720071,2024-09-28 12:17:00.000,,62720090,2024-09-29 19:43:09.523,2024-09-28 14:28:08.102,UTC-0700,wFVf8Jbtp/,,com.sec.android.app.shealth,2024-09-28 14:23:00.000,34537820-cbb2-48d9-bf40-54ac78262099,
,7.0,0,0,11,0,11,70,69,0,5,,,0,1020000,0,0,df041e9b-d31b-4abd-8ddb-f2fa13f6db4d,-1,-1,9,7.0,,39.0,,,,,,,0,59,84.0,21,70,1,62720071,2024-09-29 04:35:00.000,,62720090,2024-09-29 19:43:10.607,2024-09-29 05:45:18.562,UTC-0700,wFVf8Jbtp/,,com.sec.android.app.shealth,2024-09-29 05:45:00.000,4be3e602-4d67-48d8-a91d-41bdc6e33446,
,82.0,27,40,8,1,103,477,168,0,88,,,0,1200000,840000,77,df041e9b-d31b-4abd-8ddb-f2fa13f6db4d,-1,-1,9,72.0,2024-09-29 13:58:00.000,45.0,,2024-09-29 05:48:00.000,,,,,5,257,78.0,71,477,1,62720071,2024-09-29 05:48:00.000,,62720090,2024-09-29 19:43:10.644,2024-09-29 14:12:20.474,UTC-0700,wFVf8Jbtp/,,com.sec.android.app.shealth,2024-09-29 13:45:00.000,a3625057-5579-4b64-9d2d-54c9d968112d,
,87.0,20,41,4,0,32,466,114,0,18,,,0,780000,300000,86,,-1,-1,9,77.0,2024-09-30 12:50:00.000,14.0,,2024-09-30 04:56:00.000,,,,,4,307,93.0,77,466,1,62720071,2024-09-30 04:56:00.000,,62720090,2024-09-30 15:10:12.451,2024-09-30 12:55:05.490,UTC-0700,wFVf8Jbtp/,,com.sec.android.app.shealth,2024-09-30 12:42:00.000,5d1b5051-9121-4d60-a753-5529a3c37fa8,
,88.0,50,50,13,0,19,364,348,0,0,,,0,1140000,1500000,83,,-1,-1,9,77.0,,9.0,,,,,,,3,212,94.0,78,364,1,62720071,2024-10-01 04:53:00.000,,62720090,2024-10-01 21:58:20.978,2024-10-01 11:22:47.428,UTC-0700,wFVf8Jbtp/,,com.sec.android.app.shealth,2024-10-01 10:57:00.000,e788a4b0-0b3b-447d-a8ab-42fdd72cc281,
,11.0,8,8,12,0,12,163,162,0,0,,,0,900000,660000,3,57476084-1075-43e7-afc9-6e0d4ec7b2af,-1,-1,9,15.0,2024-10-02 06:57:00.000,15.0,,2024-10-02 04:10:00.000,,,,,0,140,92.0,35,163,1,62720071,2024-10-02 04:10:00.000,,62720090,2024-10-02 13:59:43.121,2024-10-02 07:08:17.156,UTC-0700,wFVf8Jbtp/,,com.sec.android.app.shealth,2024-10-02 06:53:00.000,f9d41691-4ff4-4384-a9f3-ff0b1e9ec08d,
,86.0,58,58,8,0,13,367,356,0,3,,,0,960000,1800000,75,57476084-1075-43e7-afc9-6e0d4ec7b2af,-1,-1,9,81.0,,7.0,,,,,,,4,221,96.0,85,367,1,62720071,2024-10-02 07:22:00.000,,62720090,2024-10-02 13:59:43.145,2024-10-02 13:59:32.230,UTC-0700,wFVf8Jbtp/,,com.sec.android.app.shealth,2024-10-02 13:29:00.000,26fc7f0f-c8e7-4444-a6fd-9639a8457cd0,
,93.0,31,31,14,0,20,389,290,0,3,,,0,1080000,420000,110,,-1,-1,9,64.0,2024-10-03 11:48:00.000,11.0,,2024-10-03 05:01:00.000,,,,,5,228,94.0,81,389,1,62720071,2024-10-03 05:01:00.000,,62720090,2024-10-03 22:16:35.987,2024-10-03 11:55:01.175,UTC-0700,wFVf8Jbtp/,,com.sec.android.app.shealth,2024-10-03 11:30:00.000,2ab96d4f-fdba-496c-a158-bf4140e8c0c3,
,20.0,25,25,8,0,9,199,197,0,3,,,0,900000,1260000,8,,-1,-1,9,31.0,2024-10-03 19:17:00.000,10.0,,2024-10-03 15:35:00.000,,,,,1,157,95.0,43,199,1,62720071,2024-10-03 15:35:00.000,,62720090,2024-10-03 22:16:35.105,2024-10-03 19:38:05.430,UTC-0700,wFVf8Jbtp/,,com.sec.android.app.shealth,2024-10-03 18:54:00.000,b769fc04-1e68-4322-9f92-6eba5aaa4ead,
,92.0,24,44,12,3,29,414,226,0,7,,,0,960000,480000,106,,-1,-1,9,76.0,2024-10-04 13:33:00.000,14.0,,2024-10-04 06:20:00.000,,,,,4,235,92.0,83,414,1,62720071,2024-10-04 06:20:00.000,,62720090,2024-10-04 14:23:25.902,2024-10-04 13:41:12.759,UTC-0700,wFVf8Jbtp/,,com.sec.android.app.shealth,2024-10-04 13:14:00.000,db595bff-5e97-4bbc-baa3-f37c5a8bf3b1,
,92.0,19,30,8,0,20,477,205,0,4,,,0,840000,540000,100,,-1,-1,9,74.0,2024-10-05 12:37:00.000,9.0,,2024-10-05 04:35:00.000,,,,,5,327,95.0,82,477,1,62720071,2024-10-05 04:35:00.000,,62720090,2024-10-05 14:34:59.018,2024-10-05 12:46:19.669,UTC-0700,wFVf8Jbtp/,,com.sec.android.app.shealth,2024-10-05 12:32:00.000,6767db78-e259-4c96-a503-641165577f4e,
,6.0,0,0,3,0,3,43,42,0,0,,,0,1200000,0,0,,-1,-1,9,6.0,2024-10-05 14:35:00.000,14.0,,2024-10-05 13:10:00.000,,,,,0,40,93.0,26,43,1,62720071,2024-10-05 13:10:00.000,,62720090,2024-10-05 14:35:36.678,2024-10-05 14:35:33.449,UTC-0700,wFVf8Jbtp/,,com.sec.android.app.shealth,2024-10-05 13:53:00.000,c00552e0-1927-447e-ab38-7fcb598b5236,
,88.0,42,42,34,3,39,445,358,0,21,,,0,840000,0,91,,-1,-1,9,75.0,2024-10-06 13:36:00.000,23.0,,2024-10-06 05:54:00.000,,,,,5,273,91.0,80,445,1,62720071,2024-10-06 05:54:00.000,,62720090,2024-10-06 13:36:56.965,2024-10-06 13:36:33.038,UTC-0700,wFVf8Jbtp/,,com.sec.android.app.shealth,2024-10-06 13:19:00.000,59077e82-26e4-490b-96bd-43b476cb0d6a,
,88.0,42,42,13,0,36,479,181,0,17,,,0,840000,1620000,89,,-1,-1,9,79.0,2024-10-07 12:43:00.000,18.0,,2024-10-07 04:31:00.000,,,,,5,312,92.0,76,479,1,62720071,2024-10-07 04:31:00.000,,62720090,2024-10-07 14:36:07.405,2024-10-07 13:10:26.715,UTC-0700,wFVf8Jbtp/,,com.sec.android.app.shealth,2024-10-07 12:30:00.000,4674c7f5-f398-4608-9241-31f1c869643b,
,73.0,43,43,31,0,44,405,301,0,15,,,0,780000,1440000,59,,-1,-1,9,73.0,2024-10-08 11:53:00.000,25.0,,2024-10-08 05:04:00.000,,,,,4,259,89.0,75,405,1,62720071,2024-10-08 05:04:00.000,,62720090,2024-10-08 18:49:35.497,2024-10-08 12:17:18.666,UTC-0700,wFVf8Jbtp/,,com.sec.android.app.shealth,2024-10-08 11:49:00.000,4254c554-be71-4063-96fa-7aff52cd3f01,
,50.0,16,16,6,0,6,79,78,0,5,,,0,900000,1440000,15,,-1,-1,9,12.0,,22.0,,,,,,,1,42,92.0,53,79,1,62720071,2024-10-08 23:18:00.000,,62720090,2024-10-09 01:01:30.413,2024-10-09 01:01:24.410,UTC-0700,wFVf8Jbtp/,,com.sec.android.app.shealth,2024-10-09 00:37:00.000,37214279-ed23-4b81-8236-a561ca5cfada,
,69.0,52,52,19,1,20,260,258,0,11,,,0,840000,1500000,47,1c6032ba-c668-42c4-8069-d4227c239096,-1,-1,9,62.0,,19.0,,,,,,,3,141,92.0,62,260,1,62720071,2024-10-09 06:28:00.000,,62720090,2024-10-09 17:55:15.793,2024-10-09 11:16:47.839,UTC-0700,wFVf8Jbtp/,,com.sec.android.app.shealth,2024-10-09 10:48:00.000,2769ed5b-be79-4575-8750-928a96f1713d,
,73.0,7,8,6,0,9,179,105,0,3,,,0,1200000,300000,41,1c6032ba-c668-42c4-8069-d4227c239096,-1,-1,9,16.0,2024-10-09 14:33:00.000,12.0,,2024-10-09 11:30:00.000,,,,,1,121,94.0,50,179,1,62720071,2024-10-09 11:30:00.000,,62720090,2024-10-09 17:55:15.807,2024-10-09 14:38:45.234,UTC-0700,wFVf8Jbtp/,,com.sec.android.app.shealth,2024-10-09 14:29:00.000,b26602a2-618a-4147-9a3b-fc6ca9d1bd00,
,94.0,52,52,7,1,18,413,291,0,5,,,0,840000,360000,116,,-1,-1,9,82.0,2024-10-10 11:48:00.000,8.0,,2024-10-10 04:51:00.000,,,,,5,227,95.0,89,413,1,62720071,2024-10-10 04:51:00.000,,62720090,2024-10-10 18:16:14.030,2024-10-10 11:54:19.255,UTC-0700,wFVf8Jbtp/,,com.sec.android.app.shealth,2024-10-10 11:44:00.000,a609db9a-482c-4a30-87f9-11f2fa684e1e,
,75.0,24,24,4,0,7,118,101,0,0,,,0,900000,360000,32,,-1,-1,9,21.0,2024-10-10 18:10:00.000,10.0,,2024-10-10 16:02:00.000,,,,,1,55,94.0,64,118,1,62720071,2024-10-10 16:02:00.000,,62720090,2024-10-10 18:16:36.429,2024-10-10 18:16:29.675,UTC-0700,wFVf8Jbtp/,,com.sec.android.app.shealth,2024-10-10 18:00:00.000,96644c03-c0c6-4565-9945-a1ebd0b44725,
,75.0,39,39,15,1,31,334,200,0,10,,,0,1080000,300000,60,95eaa582-7bfa-41ba-802c-a6d7025416be,-1,-1,9,61.0,,20.0,,,,,,,4,204,90.0,65,334,1,62720071,2024-10-11 04:58:00.000,,62720090,2024-10-11 22:35:45.087,2024-10-11 10:37:22.159,UTC-0700,wFVf8Jbtp/,,com.sec.android.app.shealth,2024-10-11 10:32:00.000,44a754f9-38d5-43ac-8506-ff2bc9102c7f,
,51.0,8,16,1,3,11,136,58,3,6,,,0,780000,300000,23,95eaa582-7bfa-41ba-802c-a6d7025416be,-1,-1,9,16.0,2024-10-11 13:10:00.000,14.0,,2024-10-11 10:45:00.000,,,,,3,86,91.0,50,136,1,62720071,2024-10-11 10:45:00.000,,62720090,2024-10-11 22:35:45.116,2024-10-11 13:15:05.621,UTC-0700,wFVf8Jbtp/,,com.sec.android.app.shealth,2024-10-11 13:01:00.000,da3275d3-2241-46f9-8154-b63f9dc96811,
,19.0,0,0,1,0,5,71,53,0,0,,,0,840000,300000,6,,-1,-1,9,7.0,,9.0,,,,,,,1,60,92.0,33,71,1,62720071,2024-10-11 21:16:00.000,,62720090,2024-10-11 22:35:44.726,2024-10-11 22:32:34.156,UTC-0700,wFVf8Jbtp/,,com.sec.android.app.shealth,2024-10-11 22:27:00.000,ef084560-ef12-4294-ae69-40caef7c3fb9,
,95.0,54,56,12,3,22,478,307,0,0,,,0,960000,1500000,123,,-1,-1,9,89.0,2024-10-12 14:19:00.000,9.0,,2024-10-12 06:16:00.000,,,,,4,277,95.0,91,478,1,62720071,2024-10-12 06:16:00.000,,62720090,2024-10-12 16:49:02.289,2024-10-12 14:45:02.170,UTC-0700,wFVf8Jbtp/,,com.sec.android.app.shealth,2024-10-12 14:14:00.000,83e06de4-8905-41b8-973b-18330cac7e2b,
,96.0,36,44,15,1,54,663,226,0,34,,,0,840000,0,137,,-1,-1,9,91.0,2024-10-13 15:04:00.000,20.0,,2024-10-13 03:57:00.000,,,,,8,428,91.0,58,663,1,62720071,2024-10-13 03:57:00.000,,62720090,2024-10-13 15:04:58.491,2024-10-13 15:04:44.836,UTC-0700,wFVf8Jbtp/,,com.sec.android.app.shealth,2024-10-13 15:00:00.000,5a8b7013-9b6f-4c75-ab21-7d37be338e59,
,94.0,18,57,3,1,18,412,100,0,0,,,0,1200000,240000,118,,-1,-1,9,85.0,2024-10-14 13:54:00.000,7.0,,2024-10-14 06:37:00.000,,,,,4,219,95.0,88,412,1,62720071,2024-10-14 06:37:00.000,,62720090,2024-10-14 13:58:42.811,2024-10-14 13:58:16.696,UTC-0700,wFVf8Jbtp/,,com.sec.android.app.shealth,2024-10-14 13:29:00.000,3e53f900-682d-4ded-b2fb-21bd130d61f3,
,94.0,48,48,16,1,17,487,485,0,0,,,0,900000,300000,112,,-1,-1,9,87.0,2024-10-15 12:54:00.000,7.0,,2024-10-15 04:38:00.000,,,,,4,310,96.0,84,487,1,62720071,2024-10-15 04:38:00.000,,62720090,2024-10-15 13:59:04.114,2024-10-15 12:59:53.302,UTC-0700,wFVf8Jbtp/,,com.sec.android.app.shealth,2024-10-15 12:45:00.000,04d9376c-d621-48a2-862d-0a1afdc5c773,
,84.0,42,58,1,0,18,338,66,0,0,,,0,780000,1620000,71,e1f3841a-9dc6-46cb-93ae-844448e1e8ca,-1,-1,9,79.0,,7.0,,,,,,,5,191,94.0,83,338,1,62720071,2024-10-16 06:09:00.000,,62720090,2024-10-16 21:49:27.543,2024-10-16 12:14:44.366,UTC-0700,wFVf8Jbtp/,,com.sec.android.app.shealth,2024-10-16 11:47:00.000,584258fc-7587-40b4-9069-5fa7c1b9fce9,
,6.0,14,14,0,0,0,47,46,0,0,,,0,1200000,300000,0,e1f3841a-9dc6-46cb-93ae-844448e1e8ca,-1,-1,9,10.0,,0.0,,,,,,,0,33,100.0,46,47,1,62720071,2024-10-16 13:00:00.000,,62720090,2024-10-16 21:49:27.548,2024-10-16 13:52:07.180,UTC-0700,wFVf8Jbtp/,,com.sec.android.app.shealth,2024-10-16 13:47:00.000,7d5eeec1-c61d-4053-9157-f6efbb75f53d,
,63.0,14,14,2,0,5,110,92,0,0,,,0,840000,0,24,,-1,-1,9,14.0,,7.0,,,,,,,1,67,95.0,55,110,1,62720071,2024-10-16 19:59:00.000,,62720090,2024-10-16 21:49:27.475,2024-10-16 21:49:23.932,UTC-0700,wFVf8Jbtp/,,com.sec.android.app.shealth,2024-10-16 21:49:00.000,e2dc589e-3718-4cb3-8e98-5c7e6effa0de,
,95.0,63,63,17,1,19,440,405,0,7,,,0,960000,1500000,125,,-1,-1,9,88.0,2024-10-17 11:52:00.000,10.0,,2024-10-17 04:26:00.000,,,,,7,233,95.0,87,440,1,62720071,2024-10-17 04:26:00.000,,62720090,2024-10-17 18:54:37.907,2024-10-17 12:17:55.182,UTC-0700,wFVf8Jbtp/,,com.sec.android.app.shealth,2024-10-17 11:46:00.000,eb456f95-0c34-4690-a895-bd0eacaa910b,
,93.0,58,58,7,1,18,456,190,0,4,,,0,1020000,1620000,107,,-1,-1,9,88.0,2024-10-18 13:29:00.000,9.0,,2024-10-18 05:48:00.000,,,,,5,273,96.0,90,456,1,62720071,2024-10-18 05:48:00.000,,62720090,2024-10-18 14:22:39.208,2024-10-18 13:56:21.251,UTC-0700,wFVf8Jbtp/,,com.sec.android.app.shealth,2024-10-18 13:24:00.000,19c57bc6-3936-4cad-b292-01bf2a421ae3,
,66.0,2,2,1,0,3,78,72,0,0,,,0,1080000,0,19,,-1,-1,9,7.0,2024-10-18 23:58:00.000,5.0,,2024-10-18 22:33:00.000,,,,,1,54,96.0,50,78,1,62720071,2024-10-18 22:33:00.000,,62720090,2024-10-18 23:58:51.419,2024-10-18 23:58:48.129,UTC-0700,wFVf8Jbtp/,,com.sec.android.app.shealth,2024-10-18 23:51:00.000,ceee91bb-1151-4d08-9cca-5ac3c5bf0465,
,91.0,50,67,6,3,34,433,191,3,18,,,0,1200000,720000,104,,-1,-1,9,88.0,2024-10-19 14:36:00.000,15.0,,2024-10-19 07:03:00.000,,,,,4,228,92.0,92,433,1,62720071,2024-10-19 07:03:00.000,,62720090,2024-10-19 14:49:24.301,2024-10-19 14:48:54.374,UTC-0700,wFVf8Jbtp/,,com.sec.android.app.shealth,2024-10-19 14:16:00.000,40952a3d-526f-4d4b-b3a4-073352404f26,
,90.0,17,17,11,0,20,475,206,0,5,,,0,1020000,420000,92,,-1,-1,9,62.0,2024-10-20 14:13:00.000,11.0,,2024-10-20 06:02:00.000,,,,,6,346,95.0,78,475,1,62720071,2024-10-20 06:02:00.000,,62720090,2024-10-20 15:03:15.206,2024-10-20 14:20:10.653,UTC-0700,wFVf8Jbtp/,,com.sec.android.app.shealth,2024-10-20 13:57:00.000,47a9515a-8f1a-4232-9fa1-c79d5f688890,
,77.0,9,9,9,0,14,112,94,0,8,,,0,780000,1440000,33,,-1,-1,9,11.0,,29.0,,,,,,,1,56,87.0,50,112,1,62720071,2024-10-20 22:55:00.000,,62720090,2024-10-21 01:12:04.631,2024-10-21 01:11:59.289,UTC-0700,wFVf8Jbtp/,,com.sec.android.app.shealth,2024-10-21 00:47:00.000,d58c2025-70f9-4515-9bde-f0d7104c7179,
,85.0,54,59,5,1,23,412,159,0,8,,,0,1080000,300000,78,,-1,-1,9,85.0,2024-10-21 13:24:00.000,11.0,,2024-10-21 06:18:00.000,,,,,4,252,94.0,82,412,1,62720071,2024-10-21 06:18:00.000,,62720090,2024-10-21 13:30:52.308,2024-10-21 13:29:05.254,UTC-0700,wFVf8Jbtp/,,com.sec.android.app.shealth,2024-10-21 13:10:00.000,2983a947-8df0-4bb1-b080-66175379b60b,
,80.0,33,33,4,0,10,297,233,0,3,,,0,840000,480000,59,,-1,-1,9,53.0,2024-10-22 11:46:00.000,6.0,,2024-10-22 06:44:00.000,,,,,1,195,96.0,64,297,1,62720071,2024-10-22 06:44:00.000,,62720090,2024-10-22 11:55:04.200,2024-10-22 11:54:57.456,UTC-0700,wFVf8Jbtp/,,com.sec.android.app.shealth,2024-10-22 11:41:00.000,e434fc08-3ae8-4fea-8caf-9e3c8a53542e,
,72.0,20,20,3,0,5,110,105,0,0,,,0,840000,840000,28,,-1,-1,9,18.0,2024-10-22 16:00:00.000,7.0,,2024-10-22 14:06:00.000,,,,,1,57,95.0,64,110,1,62720071,2024-10-22 14:06:00.000,,62720090,2024-10-22 16:14:12.166,2024-10-22 16:14:06.342,UTC-0700,wFVf8Jbtp/,,com.sec.android.app.shealth,2024-10-22 15:56:00.000,a947b872-2345-4abf-9873-e1a2b85c8855,
,72.0,18,18,40,1,50,396,254,0,32,,,0,1200000,240000,58,,-1,-1,9,43.0,2024-10-23 12:02:00.000,36.0,,2024-10-23 05:14:00.000,,,,,1,270,87.0,66,396,1,62720071,2024-10-23 05:14:00.000,,62720090,2024-10-23 12:06:35.796,2024-10-23 12:06:30.487,UTC-0700,wFVf8Jbtp/,,com.sec.android.app.shealth,2024-10-23 11:50:00.000,6e71abe6-0f70-43ed-93e4-15e71c45ee65,
,89.0,60,60,10,0,18,375,268,0,6,,,0,960000,300000,88,,-1,-1,9,82.0,2024-10-24 11:49:00.000,10.0,,2024-10-24 05:30:00.000,,,,,3,209,95.0,84,375,1,62720071,2024-10-24 05:30:00.000,,62720090,2024-10-24 18:09:07.843,2024-10-24 11:54:27.147,UTC-0700,wFVf8Jbtp/,,com.sec.android.app.shealth,2024-10-24 11:45:00.000,8676383f-dec9-467b-ad6e-58be5c0addb8,
,35.0,10,10,9,0,10,134,132,0,3,,,0,780000,660000,16,,-1,-1,9,14.0,2024-10-24 18:07:00.000,17.0,,2024-10-24 15:46:00.000,,,,,2,98,92.0,44,134,1,62720071,2024-10-24 15:46:00.000,,62720090,2024-10-24 18:18:23.995,2024-10-24 18:18:18.332,UTC-0700,wFVf8Jbtp/,,com.sec.android.app.shealth,2024-10-24 18:00:00.000,ae6bc519-36f9-45ed-8969-5ef60d77434d,
,81.0,27,27,13,3,21,308,263,0,8,,,0,900000,0,65,,-1,-1,9,46.0,2024-10-25 11:51:00.000,14.0,,2024-10-25 06:34:00.000,,,,,4,195,93.0,61,308,1,62720071,2024-10-25 06:34:00.000,,62810050,2024-10-25 11:52:08.894,2024-10-25 11:52:00.014,UTC-0700,wFVf8Jbtp/,,com.sec.android.app.shealth,2024-10-25 11:42:00.000,b76d0da9-4798-4e23-9220-f3d329e1fe44,
,96.0,63,63,15,1,32,583,391,0,9,,,0,1140000,0,136,,-1,-1,9,94.0,2024-10-26 13:53:00.000,11.0,,2024-10-26 03:54:00.000,,,,,6,352,94.0,79,583,1,62800471,2024-10-26 03:54:00.000,,62810050,2024-10-26 13:53:13.316,2024-10-26 13:53:02.488,UTC-0700,wFVf8Jbtp/,,com.sec.android.app.shealth,2024-10-26 13:37:00.000,769cc3b3-fdda-49f5-8e89-886ab8364d7a,
,96.0,28,95,5,1,80,631,76,0,55,,,0,1020000,300000,143,,-1,-1,9,97.0,2024-10-27 15:43:00.000,28.0,,2024-10-27 05:07:00.000,,,,,5,313,87.0,74,631,1,62800471,2024-10-27 05:07:00.000,,62810050,2024-10-27 15:48:10.439,2024-10-27 15:48:00.383,UTC-0700,wFVf8Jbtp/,,com.sec.android.app.shealth,2024-10-27 15:38:00.000,37ac274c-ef21-479e-83aa-de7323417cf1,
,69.0,4,5,3,0,5,108,88,0,3,,,0,720000,1080000,26,,-1,-1,9,10.0,2024-10-27 21:14:00.000,11.0,,2024-10-27 19:20:00.000,,,,,1,72,95.0,47,108,1,62800471,2024-10-27 19:20:00.000,,62810050,2024-10-27 21:32:37.304,2024-10-27 21:32:33.446,UTC-0700,wFVf8Jbtp/,,com.sec.android.app.shealth,2024-10-27 21:08:00.000,70c8a662-c277-492a-a4e6-3199ff33bc9d,
,68.0,28,28,4,1,7,193,189,0,0,,,0,780000,300000,38,3f4826ee-8612-4598-bd70-8a7a1d427a5f,-1,-1,9,34.0,,6.0,,,,,,,2,120,96.0,55,193,1,62800471,2024-10-28 05:15:00.000,,62810050,2024-10-29 00:16:57.444,2024-10-28 08:33:20.170,UTC-0700,wFVf8Jbtp/,,com.sec.android.app.shealth,2024-10-28 08:28:00.000,434f8650-fc70-4438-9b0c-aa9bfe91bca4,
,57.0,33,33,7,0,8,169,167,0,0,,,0,840000,1500000,29,3f4826ee-8612-4598-bd70-8a7a1d427a5f,-1,-1,9,35.0,2024-10-28 11:51:00.000,9.0,,2024-10-28 08:58:00.000,,,,,1,99,95.0,59,169,1,62800471,2024-10-28 08:58:00.000,,62810050,2024-10-29 00:16:57.455,2024-10-28 12:16:14.425,UTC-0700,wFVf8Jbtp/,,com.sec.android.app.shealth,2024-10-28 11:47:00.000,5d7249bb-abd4-4857-8a73-240f387b1f94,
,7.0,12,12,12,0,12,81,80,0,6,,,0,1080000,0,1,,-1,-1,9,11.0,,37.0,,,,,,,0,56,85.0,35,81,1,62800471,2024-10-28 22:55:00.000,,62810050,2024-10-29 00:16:57.390,2024-10-29 00:16:54.353,UTC-0700,wFVf8Jbtp/,,com.sec.android.app.shealth,2024-10-29 00:16:00.000,6bf13ecc-c879-46fd-b26e-f571dd1fbc08,
,89.0,19,20,12,0,23,357,104,0,10,,,0,900000,900000,89,,-1,-1,9,46.0,2024-10-29 11:42:00.000,21.0,,2024-10-29 05:34:00.000,,,,,2,225,93.0,68,357,1,62800471,2024-10-29 05:34:00.000,,62810050,2024-10-29 11:57:13.047,2024-10-29 11:57:07.240,UTC-0700,wFVf8Jbtp/,,com.sec.android.app.shealth,2024-10-29 11:31:00.000,83e02be2-23c5-4e5b-ad90-d925efdddb78,
,7.0,2,2,13,0,13,89,88,0,12,,,0,960000,300000,0,,-1,-1,9,7.0,,43.0,,,,,,,0,74,85.0,25,89,1,62800471,2024-10-29 14:01:00.000,,62810050,2024-10-29 15:35:05.915,2024-10-29 15:35:02.155,UTC-0700,wFVf8Jbtp/,,com.sec.android.app.shealth,2024-10-29 15:30:00.000,c27c6070-d9eb-479b-ad5f-975b2bc963a6,
,88.0,97,97,30,1,49,535,435,0,31,,,0,840000,1800000,90,,-1,-1,9,96.0,2024-10-30 14:17:00.000,22.0,,2024-10-30 04:55:00.000,,,,,3,299,90.0,86,535,1,62800471,2024-10-30 04:55:00.000,,62810050,2024-10-30 14:48:57.447,2024-10-30 14:47:59.518,UTC-0700,wFVf8Jbtp/,,com.sec.android.app.shealth,2024-10-30 13:50:00.000,74c62760-7463-4203-b0fe-dbefa686dbf5,
,75.0,0,0,4,0,4,76,75,0,0,,,0,1200000,0,22,,-1,-1,9,7.0,,11.0,,,,,,,0,50,94.0,39,76,1,62800471,2024-10-30 23:01:00.000,,62810050,2024-10-31 00:17:16.512,2024-10-31 00:17:13.862,UTC-0700,wFVf8Jbtp/,,com.sec.android.app.shealth,2024-10-31 00:17:00.000,f19f9099-5d63-43ef-8a0d-09571ebbf50e,
,86.0,68,69,8,1,20,411,207,0,7,,,0,1140000,1440000,80,,-1,-1,9,89.0,2024-10-31 11:53:00.000,10.0,,2024-10-31 04:54:00.000,,,,,4,242,95.0,90,411,1,62800471,2024-10-31 04:54:00.000,,62810050,2024-10-31 16:15:28.298,2024-10-31 12:17:39.336,UTC-0700,wFVf8Jbtp/,,com.sec.android.app.shealth,2024-10-31 11:45:00.000,ef8ae71e-4db3-40d9-9724-538fb75f0965,
,50.0,20,31,4,0,8,146,93,0,3,,,0,1140000,300000,23,,-1,-1,9,29.0,2024-10-31 16:28:00.000,12.0,,2024-10-31 13:35:00.000,,,,,1,84,94.0,55,146,1,62800471,2024-10-31 13:35:00.000,,62810050,2024-10-31 16:33:44.783,2024-10-31 16:33:39.284,UTC-0700,wFVf8Jbtp/,,com.sec.android.app.shealth,2024-10-31 16:01:00.000,5e084fcf-9400-4130-9e02-ebabd0c521c5,
,6.0,21,21,0,0,0,66,65,0,0,,,0,960000,0,0,,-1,-1,9,15.0,,0.0,,,,,,,0,45,100.0,47,66,1,62800471,2024-10-31 22:00:00.000,,62810050,2024-10-31 23:06:34.881,2024-10-31 23:06:31.565,UTC-0700,wFVf8Jbtp/,,com.sec.android.app.shealth,2024-10-31 23:06:00.000,5872cd2b-7e58-496a-b673-217ac40db78c,
,89.0,40,40,27,1,37,473,303,0,16,,,0,900000,180000,95,,-1,-1,9,78.0,2024-11-01 14:25:00.000,20.0,,2024-11-01 06:19:00.000,,,,,4,301,92.0,80,473,1,62800471,2024-11-01 06:19:00.000,,62810050,2024-11-01 14:28:14.174,2024-11-01 14:28:06.708,UTC-0700,wFVf8Jbtp/,,com.sec.android.app.shealth,2024-11-01 14:12:00.000,2413716d-e6f5-40bc-a5ae-9268689ef516,
,87.0,36,36,30,0,34,310,305,0,22,,,0,1020000,0,82,,-1,-1,9,51.0,,28.0,,,,,,,3,158,89.0,67,310,1,62800471,2024-11-02 08:45:00.000,,62810050,2024-11-02 13:56:01.467,2024-11-02 13:55:57.400,UTC-0700,wFVf8Jbtp/,,com.sec.android.app.shealth,2024-11-02 13:55:00.000,b616de22-e605-4215-b951-89295b69df69,
,90.0,58,59,8,0,38,520,322,0,24,,,0,1140000,1560000,95,,-1,-1,9,89.0,2024-11-03 13:32:00.000,14.0,,2024-11-03 05:24:00.000,,,,,3,328,92.0,80,520,1,62800471,2024-11-03 05:24:00.000,,62810050,2024-11-03 13:58:57.663,2024-11-03 13:58:42.255,UTC-0800,wFVf8Jbtp/,,com.sec.android.app.shealth,2024-11-03 13:04:00.000,ff952740-ff4d-4d18-b2e6-aa87beac8a2c,
,86.0,44,44,13,0,28,424,292,0,21,,,0,1200000,300000,82,,-1,-1,9,74.0,2024-11-04 15:23:00.000,16.0,,2024-11-04 07:52:00.000,,,,,3,270,93.0,82,424,1,62800471,2024-11-04 07:52:00.000,,62810050,2024-11-04 15:28:44.776,2024-11-04 15:28:32.253,UTC-0800,wFVf8Jbtp/,,com.sec.android.app.shealth,2024-11-04 14:56:00.000,4cf54083-cb0c-4c7d-a785-c5e804e82f31,
,51.0,16,16,4,0,5,100,98,0,0,,,0,840000,300000,18,,-1,-1,9,15.0,2024-11-04 22:12:00.000,9.0,,2024-11-04 20:24:00.000,,,,,1,61,95.0,57,100,1,62800471,2024-11-04 20:24:00.000,,62810050,2024-11-05 15:12:56.197,2024-11-04 22:17:25.171,UTC-0800,wFVf8Jbtp/,,com.sec.android.app.shealth,2024-11-04 22:04:00.000,a47fb5c0-cf72-49a4-b08a-56f804d9ebe5,
,93.0,73,75,7,0,20,453,187,0,0,,,0,1200000,1440000,110,,-1,-1,9,93.0,2024-11-05 14:31:00.000,8.0,,2024-11-05 06:53:00.000,,,,,4,248,95.0,96,453,1,62800471,2024-11-05 06:53:00.000,,62810050,2024-11-05 15:12:55.844,2024-11-05 14:55:45.096,UTC-0800,wFVf8Jbtp/,,com.sec.android.app.shealth,2024-11-05 14:26:00.000,ab366a0e-d45e-4026-84d1-91110023fc79,
,7.0,16,16,6,0,6,70,69,0,4,,,0,840000,0,0,,-1,-1,9,12.0,2024-11-06 01:25:00.000,23.0,,2024-11-06 00:07:00.000,,,,,0,48,91.0,43,70,1,62800471,2024-11-06 00:07:00.000,,62810050,2024-11-06 05:39:05.634,2024-11-06 01:25:31.610,UTC-0800,wFVf8Jbtp/,,com.sec.android.app.shealth,2024-11-06 01:17:00.000,aa61c6f7-4ba9-4534-96c0-f4c36cb60405,
,91.0,40,50,4,0,21,464,166,0,6,,,0,1200000,1500000,98,,-1,-1,9,85.0,2024-11-06 14:42:00.000,8.0,,2024-11-06 06:52:00.000,,,,,4,295,95.0,86,464,1,62800471,2024-11-06 06:52:00.000,,62810050,2024-11-06 15:07:25.619,2024-11-06 15:07:16.247,UTC-0800,wFVf8Jbtp/,,com.sec.android.app.shealth,2024-11-06 14:36:00.000,842d94a3-dfef-4ae2-a936-be29f32f57b1,
,71.0,72,72,18,2,21,311,292,0,6,,,0,960000,1500000,51,c7e2e2e2-470a-43cf-8ef8-8f272be6f027,-1,-1,9,83.0,2024-11-07 11:49:00.000,15.0,,2024-11-07 06:34:00.000,,,,,2,167,93.0,68,311,1,62800471,2024-11-07 06:34:00.000,,62810050,2024-11-07 20:23:00.319,2024-11-07 12:14:12.174,UTC-0800,wFVf8Jbtp/,,com.sec.android.app.shealth,2024-11-07 11:45:00.000,9062fea8-cc31-40a0-aa29-12cf20f4f1f4,
,5.0,0,0,0,0,0,37,36,0,0,,,0,1020000,1500000,0,c7e2e2e2-470a-43cf-8ef8-8f272be6f027,-1,-1,9,5.0,,0.0,,,,,,,0,37,100.0,28,37,1,62800471,2024-11-07 13:54:00.000,,62810050,2024-11-07 20:23:00.331,2024-11-07 14:56:54.336,UTC-0800,wFVf8Jbtp/,,com.sec.android.app.shealth,2024-11-07 14:31:00.000,064ba785-d202-4bcb-9c87-f569eac749cb,
,77.0,23,23,11,0,14,210,198,0,10,,,0,1080000,0,50,,-1,-1,9,28.0,,17.0,,,,,,,2,123,93.0,50,210,1,62800471,2024-11-07 16:52:00.000,,62810050,2024-11-07 20:23:00.243,2024-11-07 20:22:56.356,UTC-0800,wFVf8Jbtp/,,com.sec.android.app.shealth,2024-11-07 20:22:00.000,dc9f0a72-1727-4bbd-b1c8-dfeed626f2e7,
,48.0,0,0,4,0,17,195,148,0,14,,,0,840000,-1,27,1f6ba2e7-084b-422d-bdf6-944c87a440ac,-1,-1,9,13.0,,19.0,,,,,,,2,151,91.0,33,195,1,62800471,2024-11-08 06:15:00.000,,62810050,2024-11-09 01:28:17.106,2024-11-08 09:52:54.975,UTC-0800,wFVf8Jbtp/,,com.sec.android.app.shealth,2024-11-08 09:30:00.000,e608643d-54d3-4ca3-a3e1-f7b7086914fb,
,76.0,27,30,3,0,11,245,121,0,0,,,0,1140000,1500000,51,1f6ba2e7-084b-422d-bdf6-944c87a440ac,-1,-1,9,43.0,,7.0,,,,,,,3,153,95.0,60,245,1,62800471,2024-11-08 11:05:00.000,,62810050,2024-11-09 01:28:17.202,2024-11-08 15:35:46.451,UTC-0800,wFVf8Jbtp/,,com.sec.android.app.shealth,2024-11-08 15:10:00.000,09d6aa8c-f669-4651-8655-eb5ae67d9953,
,7.0,13,13,4,0,8,91,86,0,0,,,0,840000,1500000,1,1feebfc9-d0e7-4046-8953-ac3856d0afc0,-1,-1,9,13.0,,13.0,,,,,,,1,69,91.0,46,91,1,62800471,2024-11-09 05:40:00.000,,62820030,2024-11-09 16:29:26.474,2024-11-09 07:36:15.139,UTC-0800,wFVf8Jbtp/,,com.sec.android.app.shealth,2024-11-09 07:11:00.000,74808427-6fbe-40e4-924a-feab89a386c3,
,84.0,0,0,25,0,27,257,106,0,21,,,0,960000,0,69,1feebfc9-d0e7-4046-8953-ac3856d0afc0,-1,-1,9,18.0,,42.0,,,,,,,2,161,89.0,43,257,1,62800471,2024-11-09 08:20:00.000,,62820030,2024-11-09 16:29:26.491,2024-11-09 12:44:08.211,UTC-0800,wFVf8Jbtp/,,com.sec.android.app.shealth,2024-11-09 12:37:00.000,0c370bf4-3122-47d7-ac5f-3f481727fa17,
,8.0,27,27,2,0,11,112,100,0,8,,,0,1200000,1440000,2,1feebfc9-d0e7-4046-8953-ac3856d0afc0,-1,-1,9,21.0,2024-11-09 14:39:00.000,19.0,,2024-11-09 12:43:00.000,,,,,2,72,90.0,48,112,1,62800471,2024-11-09 12:43:00.000,,62820030,2024-11-09 16:29:26.511,2024-11-09 15:03:43.377,UTC-0800,wFVf8Jbtp/,,com.sec.android.app.shealth,2024-11-09 14:35:00.000,b9346fab-9bbd-4f5a-9d08-bf8c68337cae,
,91.0,57,81,1,0,24,402,145,0,14,,,0,1020000,1440000,98,,-1,-1,9,91.0,2024-11-10 15:44:00.000,10.0,,2024-11-10 08:57:00.000,,,,,3,199,94.0,90,402,1,62800471,2024-11-10 08:57:00.000,,62820030,2024-11-11 02:28:52.490,2024-11-10 16:08:26.363,UTC-0800,wFVf8Jbtp/,,com.sec.android.app.shealth,2024-11-10 15:39:00.000,7fd274ed-50bb-46d3-8250-93c07bb23462,
,8.0,10,10,16,0,17,97,95,0,14,,,0,900000,0,2,,-1,-1,9,10.0,2024-11-11 00:24:00.000,49.0,,2024-11-10 22:25:00.000,,,,,1,68,82.0,37,97,1,62800471,2024-11-10 22:25:00.000,,62820030,2024-11-11 02:28:50.950,2024-11-11 00:24:47.307,UTC-0800,wFVf8Jbtp/,,com.sec.android.app.shealth,2024-11-11 00:02:00.000,c3aff3b7-2fc3-4888-bf8e-5d83d7645f5b,
,89.0,33,51,47,1,66,509,176,0,50,,,0,840000,1500000,97,,-1,-1,9,83.0,2024-11-11 14:18:00.000,49.0,,2024-11-11 05:45:00.000,,,,,4,295,87.0,80,509,1,62800471,2024-11-11 05:45:00.000,,62820030,2024-11-11 14:44:02.114,2024-11-11 14:43:02.522,UTC-0800,wFVf8Jbtp/,,com.sec.android.app.shealth,2024-11-11 14:14:00.000,8b0802a1-4d7d-4f1e-979b-aa762ee1a49c,
,59.0,7,7,14,0,16,113,110,0,13,,,0,900000,0,24,,-1,-1,9,9.0,,38.0,,,,,,,1,66,85.0,44,113,1,62800471,2024-11-11 20:33:00.000,,62820030,2024-11-11 22:29:07.360,2024-11-11 22:26:54.043,UTC-0800,wFVf8Jbtp/,,com.sec.android.app.shealth,2024-11-11 22:26:00.000,b26f7af2-e8e5-47d0-b7b9-563e82b4a380,
,81.0,59,83,17,1,43,414,192,0,26,,,0,900000,1560000,73,,-1,-1,9,91.0,2024-11-12 11:52:00.000,26.0,,2024-11-12 04:50:00.000,,,,,5,215,89.0,84,414,1,62800471,2024-11-12 04:50:00.000,,62820030,2024-11-12 13:06:19.250,2024-11-12 12:18:22.561,UTC-0800,wFVf8Jbtp/,,com.sec.android.app.shealth,2024-11-12 11:44:00.000,968426bc-e777-4efb-a0aa-8a6451f81696,
,8.0,0,0,16,0,16,101,100,0,13,,,0,1200000,300000,1,,-1,-1,9,8.0,,45.0,,,,,,,1,84,84.0,23,101,1,62800471,2024-11-12 14:07:00.000,,62820030,2024-11-12 15:59:17.897,2024-11-12 15:53:34.182,UTC-0800,wFVf8Jbtp/,,com.sec.android.app.shealth,2024-11-12 15:48:00.000,ebb6c002-8b58-4c08-ae9f-a775e258a4b5,
,98.0,67,90,10,0,23,620,187,0,11,,,0,900000,1500000,178,,-1,-1,9,98.0,2024-11-13 14:48:00.000,11.0,,2024-11-13 04:19:00.000,,,,,8,329,96.0,73,620,1,62800471,2024-11-13 04:19:00.000,,62820030,2024-11-13 16:58:04.921,2024-11-13 15:15:00.276,UTC-0800,wFVf8Jbtp/,,com.sec.android.app.shealth,2024-11-13 14:39:00.000,7e33fc4c-e7c8-40d7-8282-3b835d251669,
,91.0,60,68,5,0,22,416,169,0,11,,,0,960000,300000,98,0d726db6-63fe-4537-ba80-bf661bb54fd7,-1,-1,9,88.0,2024-11-14 11:51:00.000,11.0,,2024-11-14 04:48:00.000,,,,,3,228,94.0,92,416,1,62800471,2024-11-14 04:48:00.000,,62820030,2024-11-14 18:45:12.836,2024-11-14 11:59:41.035,UTC-0800,wFVf8Jbtp/,,com.sec.android.app.shealth,2024-11-14 11:44:00.000,cd3bf962-fb0a-4fea-bee7-9d8e582a4cd6,
,5.0,0,0,0,0,0,35,34,0,0,,,0,900000,1500000,0,0d726db6-63fe-4537-ba80-bf661bb54fd7,-1,-1,9,5.0,,0.0,,,,,,,0,35,100.0,28,35,1,62800471,2024-11-14 13:53:00.000,,62820030,2024-11-14 18:45:12.895,2024-11-14 14:53:46.260,UTC-0800,wFVf8Jbtp/,,com.sec.android.app.shealth,2024-11-14 14:28:00.000,1672f1d8-ec3b-4dd3-a463-1e90065c0296,
,58.0,1,1,3,0,3,74,73,0,0,,,0,900000,0,16,,-1,-1,9,7.0,,8.0,,,,,,,1,54,95.0,48,74,1,62800471,2024-11-14 15:48:00.000,,62820030,2024-11-14 17:02:18.551,2024-11-14 17:02:13.393,UTC-0800,wFVf8Jbtp/,,com.sec.android.app.shealth,2024-11-14 17:02:00.000,6e8b611c-6641-4844-8815-731914c8b56f,
,13.0,23,23,0,0,3,83,79,0,0,,,0,1200000,780000,4,,-1,-1,9,17.0,,4.0,,,,,,,1,53,96.0,52,83,1,62800471,2024-11-14 17:09:00.000,,62820030,2024-11-14 18:45:12.554,2024-11-14 18:45:08.263,UTC-0800,wFVf8Jbtp/,,com.sec.android.app.shealth,2024-11-14 18:32:00.000,cb773a48-6c0d-4a0e-97ab-2d99d464b353,
,94.0,77,77,11,0,13,462,430,0,0,,,0,900000,1620000,113,,-1,-1,9,94.0,2024-11-15 14:42:00.000,5.0,,2024-11-15 05:56:00.000,,,,,5,259,97.0,94,462,1,62800471,2024-11-15 05:56:00.000,,62820030,2024-11-15 16:16:58.526,2024-11-15 15:10:03.141,UTC-0800,wFVf8Jbtp/,,com.sec.android.app.shealth,2024-11-15 13:38:00.000,d92e465e-0a9e-40ba-baba-4b41d911ab24,
,85.0,21,27,31,0,42,421,171,0,27,,,0,1140000,360000,81,,-1,-1,9,57.0,2024-11-16 13:32:00.000,35.0,,2024-11-16 06:27:00.000,,,,,4,271,90.0,78,421,1,62800471,2024-11-16 06:27:00.000,,62820030,2024-11-16 13:39:00.245,2024-11-16 13:38:52.826,UTC-0800,wFVf8Jbtp/,,com.sec.android.app.shealth,2024-11-16 13:28:00.000,12069471-5810-40c5-9475-fedefc040af3,
,8.0,8,8,15,0,15,98,97,0,8,,,0,840000,300000,0,,-1,-1,9,10.0,,39.0,,,,,,,0,75,84.0,33,98,1,62800471,2024-11-16 22:39:00.000,,62820030,2024-11-17 15:09:41.287,2024-11-17 00:22:38.149,UTC-0800,wFVf8Jbtp/,,com.sec.android.app.shealth,2024-11-17 00:17:00.000,c041de10-6c7a-4bcf-8a2d-936188e02af1,
,86.0,33,59,39,0,54,415,153,0,36,,,0,780000,0,88,,-1,-1,9,80.0,,47.0,,,,,,,5,214,86.0,80,415,1,62800471,2024-11-17 07:16:00.000,,62820030,2024-11-17 15:09:40.883,2024-11-17 14:14:05.197,UTC-0800,wFVf8Jbtp/,,com.sec.android.app.shealth,2024-11-17 14:11:00.000,fde3f82d-c00e-4349-8e6d-48190672759a,
,11.0,7,7,6,0,6,65,64,0,5,,,0,60000,1440000,3,,-1,-1,9,8.0,,26.0,,,,,,,0,49,90.0,37,65,1,62800471,2024-11-17 14:22:00.000,,62820030,2024-11-17 15:51:04.556,2024-11-17 15:51:00.244,UTC-0800,wFVf8Jbtp/,,com.sec.android.app.shealth,2024-11-17 15:27:00.000,317447a1-3b61-4c30-9751-b9077bf75369,
,94.0,81,81,11,0,16,462,411,0,0,,,0,960000,1500000,113,,-1,-1,9,94.0,2024-11-18 15:10:00.000,6.0,,2024-11-18 07:21:00.000,,,,,4,252,96.0,94,462,1,62800471,2024-11-18 07:21:00.000,,62820030,2024-11-18 15:40:08.916,2024-11-18 15:39:31.173,UTC-0800,wFVf8Jbtp/,,com.sec.android.app.shealth,2024-11-18 15:03:00.000,cc9a9ba1-410e-404d-a4db-1b969e5e21f9,
,44.0,13,13,12,0,14,139,136,0,6,,,0,1200000,300000,21,49efc6cd-7402-4e82-a7c6-034ed6e4a496,-1,-1,9,15.0,,23.0,,,,,,,1,91,89.0,42,139,1,62800471,2024-11-19 05:41:00.000,,62820030,2024-11-20 03:21:32.731,2024-11-19 08:05:59.421,UTC-0800,wFVf8Jbtp/,,com.sec.android.app.shealth,2024-11-19 08:00:00.000,b41b38d1-29ad-4621-a16f-f36127ae8583,
,25.0,2,2,21,0,28,219,142,0,12,,,0,1200000,840000,14,49efc6cd-7402-4e82-a7c6-034ed6e4a496,-1,-1,9,14.0,,33.0,,,,,,,2,175,87.0,35,219,1,62800471,2024-11-19 08:10:00.000,,62820030,2024-11-20 03:21:32.774,2024-11-19 12:03:16.153,UTC-0800,wFVf8Jbtp/,,com.sec.android.app.shealth,2024-11-19 11:49:00.000,1d2029ce-7149-4e00-ab8d-07a59b1b276d,
,65.0,34,34,8,0,9,229,227,0,0,,,0,1020000,1500000,39,,-1,-1,9,45.0,2024-11-19 18:57:00.000,7.0,,2024-11-19 14:57:00.000,,,,,2,147,96.0,53,229,1,62800471,2024-11-19 14:57:00.000,,62820030,2024-11-19 19:22:49.019,2024-11-19 19:22:42.192,UTC-0800,wFVf8Jbtp/,,com.sec.android.app.shealth,2024-11-19 18:46:00.000,d291d179-1286-4974-8f8a-7e5ae6c78b34,
,55.0,10,19,0,0,2,101,60,0,0,,,0,960000,1440000,19,,-1,-1,9,17.0,,2.0,,,,,,,1,61,98.0,59,101,1,62800471,2024-11-20 01:16:00.000,,62820030,2024-11-20 03:21:32.228,2024-11-20 03:21:28.193,UTC-0800,wFVf8Jbtp/,,com.sec.android.app.shealth,2024-11-20 02:57:00.000,23ec7464-c598-4402-85f1-8b00dd4d5848,
,88.0,64,85,11,0,30,498,297,0,11,,,0,1200000,0,87,,-1,-1,9,95.0,2024-11-20 15:23:00.000,12.0,,2024-11-20 06:04:00.000,,,,,5,296,93.0,88,498,1,62800471,2024-11-20 06:04:00.000,,62820030,2024-11-20 15:24:18.362,2024-11-20 15:23:05.156,UTC-0800,wFVf8Jbtp/,,com.sec.android.app.shealth,2024-11-20 14:22:00.000,ca11b269-cdd0-4184-ae0c-9243c3b5545d,
,80.0,31,34,20,0,25,343,191,0,14,,,0,840000,1500000,67,,-1,-1,9,57.0,2024-11-21 12:00:00.000,22.0,,2024-11-21 06:11:00.000,,,,,2,217,92.0,65,343,1,62800471,2024-11-21 06:11:00.000,,62820030,2024-11-21 13:03:44.349,2024-11-21 12:25:00.563,UTC-0800,wFVf8Jbtp/,,com.sec.android.app.shealth,2024-11-21 11:54:00.000,905ac311-7003-48e7-ba34-a724710cda0c,
,48.0,27,27,2,0,4,110,95,0,0,,,0,960000,1680000,18,,-1,-1,9,23.0,2024-11-21 19:46:00.000,6.0,,2024-11-21 17:33:00.000,,,,,1,61,96.0,57,110,1,62800471,2024-11-21 17:33:00.000,,62820030,2024-11-21 20:14:46.164,2024-11-21 20:14:40.195,UTC-0800,wFVf8Jbtp/,,com.sec.android.app.shealth,2024-11-21 19:23:00.000,ac63a807-108a-4d87-bbfa-34102d98ce8f,
,13.0,0,0,11,0,24,76,51,0,18,,,0,840000,960000,5,,-1,-1,9,7.0,,77.0,,,,,,,1,47,68.0,21,76,1,62800471,2024-11-21 20:19:00.000,,62820030,2024-11-21 21:52:00.631,2024-11-21 21:51:13.582,UTC-0800,wFVf8Jbtp/,,com.sec.android.app.shealth,2024-11-21 21:35:00.000,d82940ae-e934-4176-8258-10a4b85da14f,
,84.0,31,31,21,0,27,356,249,0,8,,,0,1140000,1200000,76,,-1,-1,9,58.0,2024-11-22 14:20:00.000,18.0,,2024-11-22 08:20:00.000,,,,,5,222,92.0,71,356,1,62800471,2024-11-22 08:20:00.000,,62820030,2024-11-22 19:13:00.076,2024-11-22 14:40:05.383,UTC-0800,wFVf8Jbtp/,,com.sec.android.app.shealth,2024-11-22 14:16:00.000,4383c2aa-aa04-486b-a9d0-505b371138d8,
,94.0,91,101,18,0,50,541,240,0,31,,,0,1140000,1440000,123,,-1,-1,9,97.0,2024-11-23 15:25:00.000,22.0,,2024-11-23 06:11:00.000,,,,,6,267,90.0,89,541,1,62800471,2024-11-23 06:11:00.000,,62820030,2024-11-23 15:50:11.788,2024-11-23 15:49:58.365,UTC-0800,wFVf8Jbtp/,,com.sec.android.app.shealth,2024-11-23 15:12:00.000,79e2ac1d-e6fb-44f7-ba83-53a9df877fb6,
,80.0,64,66,9,0,32,410,227,0,15,,,0,1080000,540000,68,,-1,-1,9,86.0,2024-11-24 17:08:00.000,15.0,,2024-11-24 09:39:00.000,,,,,4,244,92.0,84,410,1,62800471,2024-11-24 09:39:00.000,,62820030,2024-11-24 18:35:01.622,2024-11-24 17:17:46.179,UTC-0800,wFVf8Jbtp/,,com.sec.android.app.shealth,2024-11-24 16:29:00.000,fe5fe641-d695-4b60-862e-54f4daa866b7,
,68.0,27,27,5,0,6,240,169,0,0,,,0,1200000,0,41,66db818c-a246-48fa-84ee-a06f5df39233,-1,-1,9,39.0,,5.0,,,,,,,3,166,97.0,56,240,1,62800471,2024-11-25 06:29:00.000,,62820030,2024-11-25 15:28:05.494,2024-11-25 10:29:27.478,UTC-0800,wFVf8Jbtp/,,com.sec.android.app.shealth,2024-11-25 10:29:00.000,71ef55e2-b7c5-4f73-bca7-05341184bba4,
,5.0,0,0,3,0,3,24,23,0,0,,,0,1200000,0,0,66db818c-a246-48fa-84ee-a06f5df39233,-1,-1,9,5.0,,26.0,,,,,,,0,21,87.0,26,24,1,62800471,2024-11-25 11:17:00.000,,62820030,2024-11-25 15:28:05.507,2024-11-25 11:47:21.573,UTC-0800,wFVf8Jbtp/,,com.sec.android.app.shealth,2024-11-25 11:41:00.000,ac8681bb-7185-4379-aa7f-e977595cf4e6,
,14.0,16,16,23,0,23,89,88,0,18,,,0,1140000,1680000,6,66db818c-a246-48fa-84ee-a06f5df39233,-1,-1,9,11.0,2024-11-25 14:40:00.000,72.0,,2024-11-25 13:03:00.000,,,,,0,44,74.0,37,89,1,62800471,2024-11-25 13:03:00.000,,62820030,2024-11-25 15:28:05.536,2024-11-25 15:08:28.970,UTC-0800,wFVf8Jbtp/,,com.sec.android.app.shealth,2024-11-25 14:32:00.000,82b4a41e-0409-43aa-977e-4d800799fd70,
,77.0,59,59,14,1,15,317,315,0,4,,,0,1020000,300000,58,,-1,-1,9,77.0,2024-11-26 13:16:00.000,10.0,,2024-11-26 07:13:00.000,,,,,3,185,95.0,71,317,1,62800471,2024-11-26 07:13:00.000,,62820030,2024-11-26 13:21:20.400,2024-11-26 13:21:13.495,UTC-0800,wFVf8Jbtp/,,com.sec.android.app.shealth,2024-11-26 12:30:00.000,38881866-63f1-443d-be64-ef98060c9e53,
,41.0,29,35,4,0,8,158,109,0,0,,,0,1140000,1440000,20,,-1,-1,9,35.0,2024-11-26 17:58:00.000,9.0,,2024-11-26 15:07:00.000,,,,,1,95,94.0,57,158,1,62800471,2024-11-26 15:07:00.000,,62820030,2024-11-26 18:23:01.796,2024-11-26 18:22:57.340,UTC-0800,wFVf8Jbtp/,,com.sec.android.app.shealth,2024-11-26 17:45:00.000,a47ca722-b75c-48ee-a8e0-c07b9244b2f3,
,6.0,0,0,19,0,19,61,60,0,18,,,0,1140000,1800000,0,,-1,-1,9,6.0,,92.0,,,,,,,0,42,68.0,17,61,1,62800471,2024-11-26 23:16:00.000,,62820030,2024-11-27 00:47:13.049,2024-11-27 00:47:09.146,UTC-0800,wFVf8Jbtp/,,com.sec.android.app.shealth,2024-11-27 00:17:00.000,acfcfaf6-e2e8-4a8d-91a1-93711ad6e276,
,76.0,59,59,4,0,19,272,195,0,9,,,0,840000,1500000,55,74223db2-2b7c-44bb-9f15-3be9a20698a3,-1,-1,9,70.0,,12.0,,,,,,,2,139,93.0,67,272,1,62800471,2024-11-27 06:33:00.000,,62820030,2024-11-27 15:43:29.175,2024-11-27 11:30:52.205,UTC-0800,wFVf8Jbtp/,,com.sec.android.app.shealth,2024-11-27 11:05:00.000,f7f0685c-0e4f-4e7a-9334-eff94752e9f1,
,68.0,19,19,6,0,8,186,158,0,0,,,0,900000,360000,37,74223db2-2b7c-44bb-9f15-3be9a20698a3,-1,-1,9,25.0,2024-11-27 15:37:00.000,8.0,,2024-11-27 12:25:00.000,,,,,2,122,95.0,55,186,1,62800471,2024-11-27 12:25:00.000,,62820030,2024-11-27 15:43:29.317,2024-11-27 15:43:23.238,UTC-0800,wFVf8Jbtp/,,com.sec.android.app.shealth,2024-11-27 15:31:00.000,60e9214f-1f00-4653-97ed-a7f252487393,
,96.0,97,105,10,2,29,575,281,0,12,,,0,960000,1560000,132,,-1,-1,9,98.0,2024-11-28 15:26:00.000,11.0,,2024-11-28 05:34:00.000,,,,,5,309,94.0,86,575,1,62800471,2024-11-28 05:34:00.000,,62820030,2024-11-28 16:42:59.261,2024-11-28 15:55:57.204,UTC-0800,wFVf8Jbtp/,,com.sec.android.app.shealth,2024-11-28 15:09:00.000,6b310716-9116-40c8-b5c4-22a439bafe10,
,71.0,50,50,28,1,38,309,199,0,25,,,0,780000,1440000,55,,-1,-1,9,64.0,,34.0,,,,,,,1,166,87.0,66,309,1,62800471,2024-11-29 07:06:00.000,,62820030,2024-11-29 12:39:58.109,2024-11-29 12:39:50.293,UTC-0800,wFVf8Jbtp/,,com.sec.android.app.shealth,2024-11-29 12:15:00.000,dfa30b8b-34e1-48ac-876f-c2017620c0cb,
,91.0,60,60,27,0,35,510,359,0,17,,,0,900000,240000,103,,-1,-1,9,90.0,2024-11-30 16:25:00.000,18.0,,2024-11-30 06:40:00.000,,,,,4,312,93.0,84,510,1,62800471,2024-11-30 06:40:00.000,,62820030,2024-11-30 16:30:40.197,2024-11-30 16:29:08.887,UTC-0800,wFVf8Jbtp/,,com.sec.android.app.shealth,2024-11-30 15:10:00.000,19ad46a3-9440-45e9-943d-19d0745c8617,
,7.0,3,3,20,0,20,81,80,0,14,,,0,1140000,1500000,0,fb1f104a-4cd4-43a8-a8b6-fa5ee18cdabd,-1,-1,9,6.0,,67.0,,,,,,,0,58,75.0,26,81,1,62800471,2024-12-01 06:17:00.000,,62820030,2024-12-01 16:16:22.056,2024-12-01 08:11:05.214,UTC-0800,wFVf8Jbtp/,,com.sec.android.app.shealth,2024-12-01 07:38:00.000,8301f643-ba27-414f-94fe-a37433b55d38,
,88.0,74,74,21,1,26,408,319,0,11,,,0,840000,1500000,89,fb1f104a-4cd4-43a8-a8b6-fa5ee18cdabd,-1,-1,9,89.0,2024-12-01 15:49:00.000,16.0,,2024-12-01 08:09:00.000,,,,,2,219,93.0,87,408,1,62800471,2024-12-01 08:09:00.000,,62820030,2024-12-01 16:16:22.089,2024-12-01 16:14:53.230,UTC-0800,wFVf8Jbtp/,,com.sec.android.app.shealth,2024-12-01 14:57:00.000,a1b81721-f8fe-4db1-8ee8-689198780272,
,84.0,53,53,25,1,26,357,355,0,7,,,0,900000,1800000,75,,-1,-1,9,76.0,2024-12-02 12:59:00.000,16.0,,2024-12-02 06:46:00.000,,,,,4,203,92.0,75,357,1,62800471,2024-12-02 06:46:00.000,,62820030,2024-12-02 13:31:11.843,2024-12-02 13:29:54.791,UTC-0800,wFVf8Jbtp/,,com.sec.android.app.shealth,2024-12-02 12:43:00.000,fd4e1c74-495c-47ef-a87a-1573be2fd3a8,
,89.0,56,64,5,0,19,402,333,0,10,,,0,840000,1440000,90,,-1,-1,9,86.0,2024-12-03 11:57:00.000,9.0,,2024-12-03 05:07:00.000,,,,,3,229,95.0,90,402,1,62800471,2024-12-03 05:07:00.000,,62820030,2024-12-03 14:06:37.875,2024-12-03 12:21:05.330,UTC-0800,wFVf8Jbtp/,,com.sec.android.app.shealth,2024-12-03 11:49:00.000,c8b12fa7-2f5a-4eea-9365-144d72d4e03c,
,49.0,37,42,4,3,15,176,112,0,7,,,0,960000,1500000,26,,-1,-1,9,42.0,,16.0,,,,,,,2,93,91.0,56,176,1,62800471,2024-12-03 16:12:00.000,,62820030,2024-12-03 19:33:33.575,2024-12-03 19:33:26.180,UTC-0800,wFVf8Jbtp/,,com.sec.android.app.shealth,2024-12-03 19:08:00.000,f117fc06-148d-4497-9970-68f5fb39cf7c,
,6.0,9,9,15,0,15,66,65,0,12,,,0,900000,1440000,0,fb6b72e6-dff1-489e-9171-707b8834a8be,-1,-1,9,8.0,2024-12-04 07:12:00.000,64.0,,2024-12-04 06:02:00.000,,,,,0,42,77.0,32,66,1,62800471,2024-12-04 06:02:00.000,,62820030,2024-12-04 14:39:19.688,2024-12-04 07:36:39.185,UTC-0800,wFVf8Jbtp/,,com.sec.android.app.shealth,2024-12-04 07:08:00.000,8207079f-f393-4ba8-ba50-5bb48963b8cf,
,44.0,22,49,7,0,14,212,103,0,6,,,0,1200000,1620000,25,fb6b72e6-dff1-489e-9171-707b8834a8be,-1,-1,9,55.0,2024-12-04 13:53:00.000,16.0,,2024-12-04 10:13:00.000,,,,,1,124,93.0,57,212,1,62800471,2024-12-04 10:13:00.000,,62820030,2024-12-04 14:39:19.744,2024-12-04 14:25:36.211,UTC-0800,wFVf8Jbtp/,,com.sec.android.app.shealth,2024-12-04 13:45:00.000,3514ae30-6767-47ca-9cd0-e64512807a12,
,86.0,14,24,11,2,25,391,117,0,3,,,0,840000,0,81,331fd0bc-9dcb-4218-9ca0-8a9d2ab9df7c,-1,-1,9,57.0,,17.0,,,,,,,4,261,93.0,78,391,1,62800471,2024-12-05 05:19:00.000,,62820030,2024-12-06 01:05:15.971,2024-12-05 11:50:37.543,UTC-0800,wFVf8Jbtp/,,com.sec.android.app.shealth,2024-12-05 11:50:00.000,f28f2f56-4add-452b-bdff-5122ee669b50,
,5.0,0,0,3,0,3,40,39,0,0,,,0,900000,1560000,0,331fd0bc-9dcb-4218-9ca0-8a9d2ab9df7c,-1,-1,9,5.0,2024-12-05 14:29:00.000,15.0,,2024-12-05 13:45:00.000,,,,,0,37,92.0,26,40,1,62800471,2024-12-05 13:45:00.000,,62820030,2024-12-06 01:05:15.975,2024-12-05 14:55:08.264,UTC-0800,wFVf8Jbtp/,,com.sec.android.app.shealth,2024-12-05 14:25:00.000,b1773981-aebd-4033-8be0-98279d391a3e,
,23.0,42,42,5,0,6,137,135,0,0,,,0,960000,1440000,10,,-1,-1,9,39.0,2024-12-05 19:08:00.000,8.0,,2024-12-05 16:36:00.000,,,,,2,79,95.0,51,137,1,62800471,2024-12-05 16:36:00.000,,62820030,2024-12-05 20:56:19.179,2024-12-05 19:32:44.376,UTC-0800,wFVf8Jbtp/,,com.sec.android.app.shealth,2024-12-05 18:53:00.000,9839b0e8-756a-4859-a79a-0e6ae0f6b25f,
,64.0,20,20,3,0,7,124,97,0,0,,,0,900000,0,27,,-1,-1,9,19.0,,9.0,,,,,,,1,70,94.0,61,124,1,62800471,2024-12-05 23:01:00.000,,62820030,2024-12-06 01:05:15.893,2024-12-06 01:05:13.916,UTC-0800,wFVf8Jbtp/,,com.sec.android.app.shealth,2024-12-06 01:05:00.000,35a1b327-0343-47b6-ae05-aeb5b98f5a16,
,89.0,55,66,1,0,21,350,100,0,11,,,0,1140000,1620000,86,,-1,-1,9,82.0,2024-12-06 13:16:00.000,10.0,,2024-12-06 06:55:00.000,,,,,4,177,94.0,83,350,1,62800471,2024-12-06 06:55:00.000,,62850050,2024-12-06 13:49:07.116,2024-12-06 13:43:52.412,UTC-0800,wFVf8Jbtp/,,com.sec.android.app.shealth,2024-12-06 12:45:00.000,af4e9b64-879a-4014-a58a-35faa17f7e37,
,97.0,94,124,4,3,26,571,173,0,6,,,0,1020000,180000,160,,-1,-1,9,98.0,2024-12-07 15:00:00.000,8.0,,2024-12-07 05:17:00.000,,,,,5,261,95.0,91,571,1,62800471,2024-12-07 05:17:00.000,,62850050,2024-12-07 15:03:10.868,2024-12-07 15:03:06.531,UTC-0800,wFVf8Jbtp/,,com.sec.android.app.shealth,2024-12-07 14:48:00.000,66b2a0ec-4fe2-4b7c-bffe-b8fc8fabeb27,
,15.0,32,32,42,0,47,185,177,0,40,,,0,1020000,1560000,9,,-1,-1,9,26.0,,71.0,,,,,,,1,97,74.0,44,185,1,62800471,2024-12-08 09:53:00.000,,62850050,2024-12-08 13:29:37.787,2024-12-08 13:24:11.152,UTC-0800,wFVf8Jbtp/,,com.sec.android.app.shealth,2024-12-08 12:58:00.000,72658729-b65d-4946-a590-393c24d7596b,
,85.0,38,38,4,0,5,181,179,0,0,,,0,900000,720000,53,,-1,-1,9,41.0,2024-12-08 18:13:00.000,5.0,,2024-12-08 15:08:00.000,,,,,2,85,97.0,66,181,1,62800471,2024-12-08 15:08:00.000,,62850050,2024-12-08 18:26:01.978,2024-12-08 18:25:55.173,UTC-0800,wFVf8Jbtp/,,com.sec.android.app.shealth,2024-12-08 18:09:00.000,5eb4cde7-3e5c-4e8e-a6ec-0258a9de42eb,
,84.0,70,70,21,4,39,391,218,0,24,,,0,1140000,1500000,79,,-1,-1,9,85.0,2024-12-09 13:08:00.000,26.0,,2024-12-09 06:14:00.000,,,,,3,203,90.0,85,391,1,62800471,2024-12-09 06:14:00.000,,62850050,2024-12-09 14:33:21.264,2024-12-09 13:33:20.372,UTC-0800,wFVf8Jbtp/,,com.sec.android.app.shealth,2024-12-09 12:45:00.000,3bf4c4b0-baec-453e-b684-5cc66938bb02,
,87.0,31,65,2,1,12,352,95,0,0,,,0,780000,420000,78,,-1,-1,9,84.0,2024-12-10 11:49:00.000,6.0,,2024-12-10 05:53:00.000,,,,,3,197,96.0,83,352,1,62800471,2024-12-10 05:53:00.000,,62850050,2024-12-10 13:01:59.795,2024-12-10 11:56:10.217,UTC-0800,wFVf8Jbtp/,,com.sec.android.app.shealth,2024-12-10 11:45:00.000,a79cbf62-5961-470b-ac98-66ce31037eb5,
,33.0,35,35,1,0,4,98,94,0,0,,,0,1200000,1500000,12,,-1,-1,9,28.0,,5.0,,,,,,,1,47,95.0,59,98,1,62800471,2024-12-10 17:40:00.000,,62850050,2024-12-10 20:58:12.257,2024-12-10 19:43:50.180,UTC-0800,wFVf8Jbtp/,,com.sec.android.app.shealth,2024-12-10 19:18:00.000,9101d19e-af06-4d57-a866-884a9b691bd2,
,68.0,33,33,1,1,43,313,170,0,36,,,0,1140000,540000,52,,-1,-1,9,45.0,2024-12-11 15:12:00.000,26.0,,2024-12-11 09:48:00.000,,,,,2,185,86.0,59,313,1,62800471,2024-12-11 09:48:00.000,,62850050,2024-12-11 15:21:33.181,2024-12-11 15:21:26.263,UTC-0800,wFVf8Jbtp/,,com.sec.android.app.shealth,2024-12-11 15:01:00.000,6e9e1272-4bd3-4828-9dba-67f49f81c583,
,63.0,18,18,3,1,6,86,81,0,0,,,0,780000,0,20,,-1,-1,9,15.0,,11.0,,,,,,,2,42,93.0,61,86,1,62800471,2024-12-11 22:07:00.000,,62850050,2024-12-11 23:34:00.224,2024-12-11 23:33:57.873,UTC-0800,wFVf8Jbtp/,,com.sec.android.app.shealth,2024-12-11 23:33:00.000,27d00fbb-74ef-4d96-8499-5554cba428fd,
,52.0,10,10,2,0,3,91,89,0,0,,,0,840000,0,17,,-1,-1,9,11.0,2024-12-12 01:32:00.000,6.0,,2024-12-11 23:57:00.000,,,,,1,61,96.0,51,91,1,62800471,2024-12-11 23:57:00.000,,62850050,2024-12-12 01:32:48.359,2024-12-12 01:32:43.478,UTC-0800,wFVf8Jbtp/,,com.sec.android.app.shealth,2024-12-12 01:28:00.000,005dcdfc-4766-490e-9af0-a619ab2db39a,
,92.0,59,59,7,0,9,337,308,0,3,,,0,780000,1500000,94,07e9633d-7db5-4363-9842-121bdbb1fc32,-1,-1,9,79.0,2024-12-12 11:53:00.000,6.0,,2024-12-12 06:08:00.000,,,,,3,175,97.0,85,337,1,62800471,2024-12-12 06:08:00.000,,62850050,2024-12-12 14:58:31.136,2024-12-12 12:18:31.535,UTC-0800,wFVf8Jbtp/,,com.sec.android.app.shealth,2024-12-12 11:45:00.000,df0d78ea-93c5-4dda-8ae0-78d3aca436ab,
,6.0,1,1,8,0,8,44,43,0,4,,,0,960000,1500000,0,07e9633d-7db5-4363-9842-121bdbb1fc32,-1,-1,9,6.0,2024-12-12 14:33:00.000,46.0,,2024-12-12 13:45:00.000,,,,,0,35,81.0,27,44,1,62800471,2024-12-12 13:45:00.000,,62850050,2024-12-12 14:58:31.156,2024-12-12 14:58:25.214,UTC-0800,wFVf8Jbtp/,,com.sec.android.app.shealth,2024-12-12 14:29:00.000,f02e681a-63ba-4c74-81b0-4f0f7bcbd4a7,
,94.0,71,72,3,0,16,445,204,0,8,,,0,1080000,1440000,113,,-1,-1,9,91.0,2024-12-13 17:13:00.000,7.0,,2024-12-13 09:30:00.000,,,,,5,244,96.0,97,445,1,62800471,2024-12-13 09:30:00.000,,62850050,2024-12-13 17:38:57.866,2024-12-13 17:37:40.249,UTC-0800,wFVf8Jbtp/,,com.sec.android.app.shealth,2024-12-13 16:55:00.000,9d3c6f30-7b10-40ad-ae11-357bd247b183,
,89.0,74,74,10,1,11,356,354,0,0,,,0,1020000,1560000,84,,-1,-1,9,88.0,2024-12-14 14:17:00.000,6.0,,2024-12-14 07:59:00.000,,,,,2,187,96.0,81,356,1,62800471,2024-12-14 07:59:00.000,,62850050,2024-12-14 16:34:53.395,2024-12-14 14:45:04.232,UTC-0800,wFVf8Jbtp/,,com.sec.android.app.shealth,2024-12-14 13:55:00.000,70e88983-2c22-4748-a40e-439b9784a65f,
,92.0,45,47,8,0,50,467,343,0,35,,,0,1200000,0,113,,-1,-1,9,78.0,,21.0,,,,,,,5,257,89.0,82,467,1,62800471,2024-12-15 07:36:00.000,,62850050,2024-12-15 15:23:41.878,2024-12-15 15:23:33.466,UTC-0800,wFVf8Jbtp/,,com.sec.android.app.shealth,2024-12-15 15:23:00.000,44f2ae0a-4ed3-4843-8a4c-0b9afbad3469,
,79.0,35,35,10,0,39,397,237,0,25,,,0,840000,360000,69,,-1,-1,9,62.0,2024-12-16 15:01:00.000,20.0,,2024-12-16 08:08:00.000,,,,,4,254,90.0,72,397,1,62800471,2024-12-16 08:08:00.000,,62850050,2024-12-16 15:07:34.352,2024-12-16 15:07:26.169,UTC-0800,wFVf8Jbtp/,,com.sec.android.app.shealth,2024-12-16 14:45:00.000,75a64009-3394-49f3-9098-77ac1c7fba30,
,76.0,37,37,12,1,13,229,228,0,4,,,0,960000,0,50,,-1,540000,9,46.0,2024-12-17 15:08:00.000,13.0,,2024-12-17 11:09:00.000,,,,,2,129,94.0,61,229,2,62800471,2024-12-17 11:09:00.000,,62850050,2024-12-17 16:18:02.576,2024-12-17 15:08:56.480,UTC-0800,wFVf8Jbtp/,,com.sec.android.app.shealth,2024-12-17 14:58:30.000,723fcf67-91a7-4378-83b9-dd8514e53600,
,93.0,33,80,6,1,25,481,188,0,16,,,0,1020000,1800000,113,,-1,540000,9,94.0,,12.0,,,,,,,5,263,94.0,90,481,2,62800471,2024-12-18 06:13:00.000,,62850050,2024-12-18 15:23:20.879,2024-12-18 14:44:22.205,UTC-0800,wFVf8Jbtp/,,com.sec.android.app.shealth,2024-12-18 14:14:00.000,d9e5d5f7-c126-4c86-bc67-39a0fb4da662,
,91.0,55,75,6,0,19,426,186,0,7,,,0,1020000,1500000,98,,-1,900000,9,91.0,2024-12-19 14:02:00.000,9.0,,2024-12-19 06:51:00.000,,,,,4,234,95.0,94,426,2,62800471,2024-12-19 06:51:00.000,,62850050,2024-12-19 15:40:57.539,2024-12-19 14:27:12.337,UTC-0800,wFVf8Jbtp/,,com.sec.android.app.shealth,2024-12-19 13:57:30.000,ce65e7ec-2af6-4c99-94fc-ceb8e83e2d73,
,67.0,25,25,12,0,12,104,103,0,12,,,0,1140000,0,25,,-1,1320000,9,18.0,,36.0,,,,,,,1,42,87.0,52,104,2,62800471,2024-12-19 22:50:00.000,,62850050,2024-12-20 00:34:52.215,2024-12-20 00:34:46.428,UTC-0800,wFVf8Jbtp/,,com.sec.android.app.shealth,2024-12-20 00:34:00.000,6122c208-bbbe-4b8d-ab3e-cbd7d0460278,
,92.0,43,62,2,0,38,502,90,0,23,,,0,1080000,1140000,108,,-1,660000,9,90.0,2024-12-20 15:37:00.000,14.0,,2024-12-20 07:05:00.000,,,,,5,294,92.0,85,502,2,62800471,2024-12-20 07:05:00.000,,62850050,2024-12-20 18:36:02.463,2024-12-20 16:05:05.191,UTC-0800,wFVf8Jbtp/,,com.sec.android.app.shealth,2024-12-20 15:27:30.000,8bf519bb-d0cc-4436-a8b0-405edf1907bd,
,90.0,61,80,8,6,39,402,145,0,24,,,0,1200000,1560000,98,,-1,420000,9,90.0,,21.0,,,,,,,4,185,90.0,85,402,2,62800471,2024-12-21 07:17:00.000,,62850050,2024-12-21 14:26:07.867,2024-12-21 14:25:55.452,UTC-0800,wFVf8Jbtp/,,com.sec.android.app.shealth,2024-12-21 13:59:00.000,edf8d982-687b-41c6-a6fd-be0ef543637f,
,44.0,1,1,11,0,15,106,81,0,5,,,0,960000,480000,17,,-1,1500000,9,8.0,,34.0,,,,,,,1,73,85.0,38,106,2,62800471,2024-12-21 20:28:00.000,,62850050,2024-12-21 22:22:48.139,2024-12-21 22:22:42.193,UTC-0800,wFVf8Jbtp/,,com.sec.android.app.shealth,2024-12-21 22:14:00.000,91fb3262-a929-45fd-a04c-76e4b9ef1613,
,97.0,89,89,9,1,11,456,333,0,0,,,0,960000,1500000,142,,-1,660000,9,95.0,2024-12-22 13:52:00.000,5.0,,2024-12-22 06:09:00.000,,,,,5,214,97.0,95,456,2,62800471,2024-12-22 06:09:00.000,,62850050,2024-12-22 15:31:19.811,2024-12-22 14:19:24.306,UTC-0800,wFVf8Jbtp/,,com.sec.android.app.shealth,2024-12-22 13:45:00.000,884306bb-4db2-4b0f-85f2-770976ff1317,
,7.0,7,7,8,0,8,72,72,0,0,,,0,1020000,0,0,,-1,3660000,9,9.0,2024-12-22 16:12:00.000,24.0,,2024-12-22 14:54:00.000,,,,,0,57,88.0,39,72,2,62800471,2024-12-22 14:54:00.000,,62850050,2024-12-22 16:12:25.561,2024-12-22 16:12:22.985,UTC-0800,wFVf8Jbtp/,,com.sec.android.app.shealth,2024-12-22 16:06:30.000,5c269f1f-a98f-4b70-ab14-dd31f52129cb,
,45.0,20,20,0,0,6,85,69,0,0,,,0,1200000,1620000,14,,-1,720000,9,16.0,,8.0,,,,,,,1,45,92.0,59,85,2,62800471,2024-12-22 21:59:00.000,,62850050,2024-12-22 23:52:01.278,2024-12-22 23:51:56.126,UTC-0800,wFVf8Jbtp/,,com.sec.android.app.shealth,2024-12-22 23:24:00.000,64988cd6-900a-4b70-8e1e-fd9dffe12175,
,85.0,0,51,37,0,141,513,108,0,130,,,0,1020000,1440000,83,,-1,480000,9,83.0,2024-12-23 15:55:00.000,87.0,,2024-12-23 07:05:00.000,,,,,4,238,72.0,64,513,2,62800471,2024-12-23 07:05:00.000,,62850050,2024-12-23 17:59:00.814,2024-12-23 16:19:16.479,UTC-0800,wFVf8Jbtp/,,com.sec.android.app.shealth,2024-12-23 15:38:00.000,92eecb77-2346-4ad0-b822-1f75be9be81c,
,35.0,15,21,8,0,15,157,89,0,4,,,0,780000,1500000,18,,-1,480000,9,23.0,,21.0,,,,,,,1,103,90.0,47,157,2,62800471,2024-12-23 22:44:00.000,,62850050,2024-12-24 01:46:29.043,2024-12-24 01:46:22.170,UTC-0800,wFVf8Jbtp/,,com.sec.android.app.shealth,2024-12-24 01:21:00.000,82bcf150-01af-4d97-826f-aec09a36b965,
,90.0,39,39,6,2,13,379,284,0,0,,,0,960000,1800000,88,,-1,600000,9,71.0,2024-12-24 14:34:00.000,6.0,,2024-12-24 07:55:00.000,,,,,4,239,96.0,81,379,2,62800471,2024-12-24 07:55:00.000,,62850050,2024-12-24 19:13:56.578,2024-12-24 15:05:06.061,UTC-0800,wFVf8Jbtp/,,com.sec.android.app.shealth,2024-12-24 14:14:30.000,e35823ee-9c89-4954-a3b4-c6742d8c05f2,
,29.0,0,21,1,0,12,154,30,0,0,,,0,780000,1560000,14,,-1,720000,9,23.0,,11.0,,,,,,,3,107,91.0,40,154,2,62800471,2024-12-24 16:31:00.000,,62850050,2024-12-24 19:31:05.855,2024-12-24 19:31:02.354,UTC-0800,wFVf8Jbtp/,,com.sec.android.app.shealth,2024-12-24 19:05:00.000,f14461f1-7eec-4677-966e-dd15483db432,
,94.0,43,83,6,0,25,497,134,0,16,,,0,1080000,1500000,119,,-1,360000,9,94.0,2024-12-25 15:55:00.000,13.0,,2024-12-25 07:24:00.000,,,,,4,270,94.0,90,497,2,62800471,2024-12-25 07:24:00.000,,62850050,2024-12-26 02:30:35.929,2024-12-25 16:29:03.279,UTC-0800,wFVf8Jbtp/,,com.sec.android.app.shealth,2024-12-25 15:41:30.000,7c0458ac-ba3c-4e9f-b01b-537b9272226e,
,76.0,75,75,4,3,13,325,161,0,0,,,0,1020000,1800000,55,,-1,5280000,9,87.0,2024-12-26 16:36:00.000,7.0,,2024-12-26 10:31:00.000,,,,,3,182,96.0,76,325,2,62800471,2024-12-26 10:31:00.000,,62850050,2024-12-26 17:08:35.340,2024-12-26 17:06:06.460,UTC-0800,wFVf8Jbtp/,,com.sec.android.app.shealth,2024-12-26 15:56:30.000,2e91ad1d-0567-4fd0-981c-c6cb199a0df3,
,95.0,70,70,4,0,11,471,340,0,4,,,0,960000,1200000,125,,-1,1200000,9,92.0,2024-12-27 15:32:00.000,5.0,,2024-12-27 07:30:00.000,,,,,4,265,97.0,93,471,2,62800471,2024-12-27 07:30:00.000,,62850050,2024-12-27 16:28:14.497,2024-12-27 15:52:54.233,UTC-0800,wFVf8Jbtp/,,com.sec.android.app.shealth,2024-12-27 15:21:00.000,b7c36a11-f1f2-4158-b5e7-14dc1fc86acc,
,87.0,49,49,12,0,41,391,299,0,28,,,0,1200000,420000,89,,-1,960000,9,73.0,2024-12-28 14:45:00.000,22.0,,2024-12-28 08:09:00.000,,,,,3,212,89.0,77,391,2,62800471,2024-12-28 08:09:00.000,,62850050,2024-12-28 17:40:58.223,2024-12-28 14:55:00.190,UTC-0800,wFVf8Jbtp/,,com.sec.android.app.shealth,2024-12-28 14:40:00.000,82ac2088-988f-433d-869a-2ca704d53012,
,19.0,36,36,9,1,15,129,92,0,9,,,0,900000,300000,9,,-1,2520000,9,30.0,,29.0,,,,,,,1,69,87.0,46,129,2,62800471,2024-12-28 15:27:00.000,,62850050,2024-12-28 17:41:35.476,2024-12-28 17:41:31.098,UTC-0800,wFVf8Jbtp/,,com.sec.android.app.shealth,2024-12-28 17:36:00.000,7e2df307-6cd1-478c-aa4a-ee338cd4c4b8,
,86.0,62,83,14,0,57,416,206,0,44,,,0,1020000,1560000,86,,-1,360000,9,90.0,2024-12-29 14:42:00.000,31.0,,2024-12-29 07:29:00.000,,,,,4,190,86.0,85,416,2,62800471,2024-12-29 07:29:00.000,,62850050,2024-12-29 16:20:19.732,2024-12-29 15:08:26.598,UTC-0800,wFVf8Jbtp/,,com.sec.android.app.shealth,2024-12-29 14:25:00.000,146ce8ca-0a96-49a3-b345-50bf581b231a,
,57.0,26,26,1,0,6,149,95,0,0,,,0,840000,0,26,,-1,300000,9,27.0,,5.0,,,,,,,1,91,95.0,59,149,2,62800471,2024-12-29 23:08:00.000,,62850050,2024-12-30 01:37:51.031,2024-12-30 01:37:47.161,UTC-0800,wFVf8Jbtp/,,com.sec.android.app.shealth,2024-12-30 01:37:00.000,215dc1d5-1691-4511-8968-255b642d0cbe,
,96.0,44,52,6,0,16,450,314,0,6,,,0,1200000,420000,140,,-1,1560000,9,85.0,2024-12-30 15:48:00.000,7.0,,2024-12-30 07:51:00.000,,,,,4,242,96.0,87,450,2,62800471,2024-12-30 07:51:00.000,,62850050,2024-12-30 18:34:24.484,2024-12-30 15:55:46.294,UTC-0800,wFVf8Jbtp/,,com.sec.android.app.shealth,2024-12-30 15:21:30.000,b85d3af6-2741-4465-844a-657fadd09a21,
,78.0,31,49,4,1,12,377,96,0,4,,,0,1140000,300000,59,,-1,360000,9,77.0,2024-12-31 13:34:00.000,9.0,,2024-12-31 07:12:00.000,,,,,3,257,96.0,76,377,2,62800471,2024-12-31 07:12:00.000,,62850050,2024-12-31 13:39:20.984,2024-12-31 13:39:05.200,UTC-0800,wFVf8Jbtp/,,com.sec.android.app.shealth,2024-12-31 13:29:00.000,9d756af1-0661-4e8f-8e66-8407d04f0a86,
,42.0,35,45,5,0,12,159,101,0,0,,,0,840000,600000,21,,-1,180000,9,45.0,,13.0,,,,,,,2,81,92.0,57,159,2,62800471,2024-12-31 22:43:00.000,,62850050,2025-01-01 01:33:04.934,2025-01-01 01:32:56.218,UTC-0800,wFVf8Jbtp/,,com.sec.android.app.shealth,2025-01-01 01:22:00.000,c6905edb-f814-4fa2-8aaa-2cfec14321b2,
,93.0,62,99,1,0,46,460,158,0,35,,,0,960000,1800000,121,,-1,60000,9,95.0,,19.0,,,,,,,3,194,90.0,97,460,2,62800471,2025-01-01 09:47:00.000,,62850050,2025-01-01 17:58:01.740,2025-01-01 17:57:44.239,UTC-0800,wFVf8Jbtp/,,com.sec.android.app.shealth,2025-01-01 17:27:00.000,54ea5602-6d6e-46b8-b35e-90304c0be273,
,93.0,75,90,4,0,102,572,181,0,86,,,0,1200000,120000,115,,-1,6060000,9,96.0,2025-01-02 17:20:00.000,35.0,,2025-01-02 06:52:00.000,,,,,4,265,82.0,83,572,2,62800471,2025-01-02 06:52:00.000,,62850050,2025-01-02 17:23:10.654,2025-01-02 17:22:48.505,UTC-0800,wFVf8Jbtp/,,com.sec.android.app.shealth,2025-01-02 16:24:30.000,bc88c590-75a4-42ce-9d16-a526e8273e53,
,84.0,50,50,3,0,8,392,289,0,0,,,0,1140000,300000,69,f5fed952-8cba-4028-bbad-efc1cd85e5b3,-1,1320000,9,80.0,2025-01-03 12:33:00.000,3.0,,2025-01-03 05:53:00.000,,,,,3,265,97.0,81,392,2,62800471,2025-01-03 05:53:00.000,,62850050,2025-01-03 16:14:25.522,2025-01-03 12:38:28.224,UTC-0800,wFVf8Jbtp/,,com.sec.android.app.shealth,2025-01-03 12:25:00.000,efdf5fa5-926c-4281-b427-dce8d4987e8d,
,36.0,3,21,1,0,9,183,72,0,0,,,0,1200000,0,18,f5fed952-8cba-4028-bbad-efc1cd85e5b3,-1,2280000,9,27.0,,7.0,,,,,,,1,135,94.0,52,183,2,62800471,2025-01-03 13:11:00.000,,62850050,2025-01-03 16:14:25.535,2025-01-03 16:14:22.446,UTC-0800,wFVf8Jbtp/,,com.sec.android.app.shealth,2025-01-03 16:14:00.000,cad577da-2c2b-467b-9ebd-3eff73a617cb,
,84.0,47,55,3,0,13,373,182,0,5,,,0,1200000,480000,71,,-1,1500000,9,80.0,2025-01-04 15:22:00.000,7.0,,2025-01-04 09:02:00.000,,,,,2,234,96.0,76,373,2,62800471,2025-01-04 09:02:00.000,,62850050,2025-01-04 15:31:00.222,2025-01-04 15:30:47.372,UTC-0800,wFVf8Jbtp/,,com.sec.android.app.shealth,2025-01-04 15:15:30.000,0b6d4d0c-5380-4137-9f03-eb3d7cbbbb77,
,98.0,94,94,10,0,23,595,424,0,6,,,0,1200000,240000,174,,-1,1080000,9,98.0,2025-01-05 15:40:00.000,7.0,,2025-01-05 05:38:00.000,,,,,5,304,96.0,85,595,2,62800471,2025-01-05 05:38:00.000,,62850050,2025-01-05 15:45:15.318,2025-01-05 15:44:24.614,UTC-0800,wFVf8Jbtp/,,com.sec.android.app.shealth,2025-01-05 15:33:30.000,06722531-8805-47f8-b5d4-6f1ffb1baa3e,
,66.0,4,4,2,0,4,95,70,0,0,,,0,780000,480000,22,,-1,660000,9,9.0,2025-01-05 18:58:00.000,8.0,,2025-01-05 17:16:00.000,,,,,1,65,95.0,49,95,2,62800471,2025-01-05 17:16:00.000,,62850050,2025-01-05 19:06:07.271,2025-01-05 19:06:02.190,UTC-0800,wFVf8Jbtp/,,com.sec.android.app.shealth,2025-01-05 18:51:30.000,c03884b8-9661-4043-90f3-d2a1b97590e4,
,75.0,61,98,78,0,86,370,219,0,73,,,0,840000,300000,65,,-1,3960000,9,90.0,,79.0,,,,,,,3,121,76.0,70,370,2,62800471,2025-01-06 09:05:00.000,,62850050,2025-01-06 15:50:51.534,2025-01-06 15:20:38.233,UTC-0800,wFVf8Jbtp/,,com.sec.android.app.shealth,2025-01-06 15:15:00.000,26fa6b4c-38ee-40a3-8f8e-f6ea43af2499,
,33.0,10,10,3,0,9,102,71,0,4,,,0,780000,1620000,13,,-1,1320000,9,11.0,2025-01-07 00:03:00.000,18.0,,2025-01-06 22:12:00.000,,,,,1,70,91.0,45,102,2,62800471,2025-01-06 22:12:00.000,,62850050,2025-01-07 00:30:43.634,2025-01-07 00:30:38.160,UTC-0800,wFVf8Jbtp/,,com.sec.android.app.shealth,2025-01-06 23:54:00.000,33cb2d63-1f20-448c-93e8-7ea4a0ffb8b7,
,90.0,68,68,10,1,56,481,363,0,43,,,0,1200000,300000,102,,-1,4020000,9,89.0,2025-01-07 14:43:00.000,24.0,,2025-01-07 06:19:00.000,,,,,5,255,88.0,84,481,2,62800471,2025-01-07 06:19:00.000,,62850050,2025-01-07 15:32:23.693,2025-01-07 14:50:49.371,UTC-0800,wFVf8Jbtp/,,com.sec.android.app.shealth,2025-01-07 14:20:00.000,e16286b8-418f-480a-823c-4b6332e1b7bd,
,56.0,0,0,13,0,17,87,71,0,13,,,0,1200000,1560000,19,,-1,1560000,9,7.0,,53.0,,,,,,,1,51,80.0,32,87,2,62800471,2025-01-07 23:03:00.000,,62850050,2025-01-08 00:56:41.422,2025-01-08 00:56:35.249,UTC-0800,wFVf8Jbtp/,,com.sec.android.app.shealth,2025-01-08 00:30:00.000,adfc8983-6a0e-454d-b738-7123d1dc8073,
,86.0,59,74,18,1,29,423,203,0,15,,,0,960000,1140000,81,,-1,1920000,9,90.0,2025-01-08 14:49:00.000,19.0,,2025-01-08 07:25:00.000,,,,,4,239,93.0,90,423,2,62800471,2025-01-08 07:25:00.000,,62850050,2025-01-08 15:08:52.335,2025-01-08 15:08:35.493,UTC-0800,wFVf8Jbtp/,,com.sec.android.app.shealth,2025-01-08 14:28:00.000,32cb78a5-50f1-40c5-8e1d-d50ef61b664e,
,94.0,51,89,2,0,8,358,110,0,0,,,0,960000,1620000,107,,-1,5940000,9,92.0,2025-01-09 13:38:00.000,4.0,,2025-01-09 07:30:00.000,,,,,3,154,97.0,89,358,2,62800471,2025-01-09 07:30:00.000,,62850050,2025-01-09 15:19:55.330,2025-01-09 14:05:32.923,UTC-0800,wFVf8Jbtp/,,com.sec.android.app.shealth,2025-01-09 13:28:30.000,fae32715-03a9-464c-9168-a78dcdb25ac0,
,53.0,27,27,3,0,6,109,99,0,0,,,0,60000,300000,20,,-1,660000,9,23.0,,9.0,,,,,,,1,56,93.0,57,111,2,62800471,2025-01-09 15:33:00.000,,62850050,2025-01-09 17:29:47.999,2025-01-09 17:29:42.267,UTC-0800,wFVf8Jbtp/,,com.sec.android.app.shealth,2025-01-09 17:24:00.000,b27e1712-8f19-4042-a718-6564003319f6,
,6.0,33,33,1,0,1,63,62,0,0,,,0,1080000,0,0,634256f8-2421-4017-9efe-df2179f993c3,-1,60000,9,22.0,,3.0,,,,,,,0,29,98.0,49,63,2,62800471,2025-01-10 05:55:00.000,,62850050,2025-01-10 15:24:10.804,2025-01-10 06:58:22.288,UTC-0800,wFVf8Jbtp/,,com.sec.android.app.shealth,2025-01-10 06:58:00.000,ef36f6cf-c951-4a38-88df-8e0e73749a25,
,97.0,53,53,11,3,12,478,452,0,0,,,0,1020000,540000,153,634256f8-2421-4017-9efe-df2179f993c3,-1,300000,9,88.0,2025-01-10 15:14:00.000,5.0,,2025-01-10 07:10:00.000,,,,,4,260,97.0,89,478,2,62800471,2025-01-10 07:10:00.000,,62850050,2025-01-10 15:24:10.842,2025-01-10 15:23:53.602,UTC-0800,wFVf8Jbtp/,,com.sec.android.app.shealth,2025-01-10 15:08:00.000,e6178dbb-49d6-4f91-ab98-b3e4d1344529,
,93.0,47,47,7,1,12,389,286,0,0,,,0,960000,480000,103,,-1,420000,9,78.0,2025-01-11 15:22:00.000,6.0,,2025-01-11 08:41:00.000,,,,,4,227,96.0,85,389,2,62800471,2025-01-11 08:41:00.000,,62850050,2025-01-11 15:50:01.248,2025-01-11 15:30:07.517,UTC-0800,wFVf8Jbtp/,,com.sec.android.app.shealth,2025-01-11 15:10:00.000,30d1a323-0794-460a-98ee-0d22f5dd3f76,
,64.0,40,40,8,1,13,208,182,0,0,,,0,840000,300000,38,5cca6abc-e075-4fb5-aab8-039bdf9e987c,-1,720000,9,48.0,,11.0,,,,,,,2,117,93.0,58,208,2,62800471,2025-01-12 06:04:00.000,,62850050,2025-01-13 01:05:27.000,2025-01-12 09:37:03.208,UTC-0800,wFVf8Jbtp/,,com.sec.android.app.shealth,2025-01-12 09:32:00.000,3647bbff-7627-42de-8f0d-444ec00b15d6,
,84.0,41,47,7,1,16,218,174,0,8,,,0,780000,660000,60,5cca6abc-e075-4fb5-aab8-039bdf9e987c,-1,1980000,9,53.0,,16.0,,,,,,,2,95,92.0,64,218,2,62800471,2025-01-12 10:05:00.000,,62850050,2025-01-13 01:05:27.015,2025-01-12 13:54:28.427,UTC-0800,wFVf8Jbtp/,,com.sec.android.app.shealth,2025-01-12 13:43:00.000,95ff6d80-21e4-45f1-829e-8fe5c0229d42,
,20.0,28,37,6,0,16,116,72,0,9,,,0,840000,1620000,9,,-1,540000,9,29.0,,30.0,,,,,,,1,54,86.0,46,116,2,62800471,2025-01-12 22:42:00.000,,62850050,2025-01-13 01:05:26.867,2025-01-13 01:05:21.496,UTC-0800,wFVf8Jbtp/,,com.sec.android.app.shealth,2025-01-13 00:38:00.000,31ab186c-7c25-48d8-9749-985f9ee5bb6e,
,6.0,0,0,11,0,11,67,66,0,6,,,0,1020000,360000,0,ba7a54fa-5a56-4b9f-aaa7-ca39b7115ffa,-1,660000,9,6.0,,43.0,,,,,,,0,56,82.0,21,67,2,62800471,2025-01-13 06:32:00.000,,62850050,2025-01-13 14:23:06.630,2025-01-13 07:45:32.229,UTC-0800,wFVf8Jbtp/,,com.sec.android.app.shealth,2025-01-13 07:39:00.000,930518ab-c509-4d95-86ea-6258c7a19dcc,
,96.0,90,90,4,0,5,397,389,0,0,,,0,1200000,0,129,ba7a54fa-5a56-4b9f-aaa7-ca39b7115ffa,-1,360000,9,94.0,,3.0,,,,,,,4,173,98.0,93,397,2,62800471,2025-01-13 07:45:00.000,,62850050,2025-01-13 14:23:06.639,2025-01-13 14:22:55.321,UTC-0800,wFVf8Jbtp/,,com.sec.android.app.shealth,2025-01-13 14:22:00.000,353a8758-dfe9-478b-b5fa-e581703252c9,
,96.0,56,61,4,0,12,474,181,0,0,,,0,840000,300000,131,,-1,300000,9,90.0,2025-01-14 14:58:00.000,5.0,,2025-01-14 06:58:00.000,,,,,4,270,97.0,93,474,2,62800471,2025-01-14 06:58:00.000,,62850050,2025-01-14 16:38:36.725,2025-01-14 15:03:31.453,UTC-0800,wFVf8Jbtp/,,com.sec.android.app.shealth,2025-01-14 14:52:30.000,408e1493-294d-44fa-b24c-43c620e095c5,
,16.0,36,36,1,0,1,65,64,0,0,,,0,900000,0,4,406678c9-8550-4091-bf7e-ec583d556535,-1,5940000,9,25.0,,3.0,,,82800000,,,25200000,1,24,98.0,54,65,2,62800471,2025-01-15 06:38:00.000,,62900750,2025-01-15 15:55:47.094,2025-01-15 07:43:28.412,UTC-0800,wFVf8Jbtp/,,com.sec.android.app.shealth,2025-01-15 07:43:00.000,d0f8ef28-9167-492c-9fb4-071d8c4b8c4a,
,92.0,55,55,11,1,16,407,400,0,3,,,0,840000,1200000,99,406678c9-8550-4091-bf7e-ec583d556535,-1,660000,9,83.0,,7.0,,,82800000,,,25200000,4,237,96.0,85,407,2,62800471,2025-01-15 08:48:00.000,,62900750,2025-01-15 15:55:47.110,2025-01-15 15:55:28.188,UTC-0800,wFVf8Jbtp/,,com.sec.android.app.shealth,2025-01-15 15:35:00.000,39930dee-38fe-4c0a-a925-6d96d517a751,
,88.0,80,80,18,0,20,374,333,0,11,,,0,960000,1500000,86,,-1,600000,9,90.0,2025-01-16 14:07:00.000,14.0,,2025-01-16 07:14:00.000,82800000,,,25200000,3,188,94.0,84,374,2,62800471,2025-01-16 07:14:00.000,,62900750,2025-01-16 16:09:38.404,2025-01-16 14:32:42.545,UTC-0800,wFVf8Jbtp/,,com.sec.android.app.shealth,2025-01-16 13:28:30.000,3126dad9-ce10-41bc-89d1-6289796ef559,
,98.0,11,100,9,2,72,644,87,0,50,,,0,1140000,1440000,187,,-1,180000,9,98.0,2025-01-17 16:39:00.000,29.0,,2025-01-17 05:46:00.000,82800000,,,25200000,7,285,88.0,71,644,2,62900571,2025-01-17 05:46:00.000,,62900750,2025-01-17 17:12:11.486,2025-01-17 17:08:42.230,UTC-0800,wFVf8Jbtp/,,com.sec.android.app.shealth,2025-01-17 16:30:00.000,8052a6ca-9b9e-4ed8-b6d3-98f28185e37a,
,70.0,10,10,5,1,11,143,113,0,0,,,0,1020000,360000,33,972f1c95-ae1c-4c9d-8709-edc5ddd1c867,-1,120000,9,15.0,,13.0,,,82800000,,,25200000,1,89,91.0,53,143,2,62900571,2025-01-18 05:49:00.000,,62900750,2025-01-18 13:54:46.140,2025-01-18 08:18:49.156,UTC-0800,wFVf8Jbtp/,,com.sec.android.app.shealth,2025-01-18 08:12:00.000,4dc8c568-9c28-493f-810b-a03e6361dd67,
,49.0,58,58,8,0,11,288,284,0,3,,,0,1200000,660000,27,972f1c95-ae1c-4c9d-8709-edc5ddd1c867,-1,1980000,9,74.0,,8.0,,,82800000,,,25200000,2,192,96.0,60,288,2,62900571,2025-01-18 08:46:00.000,,62900750,2025-01-18 13:54:46.166,2025-01-18 13:45:37.230,UTC-0800,wFVf8Jbtp/,,com.sec.android.app.shealth,2025-01-18 13:34:00.000,94fa19cd-3a5c-4d91-9feb-58b991a45aa7,
,95.0,90,111,7,0,12,589,299,0,0,,,0,1200000,1440000,117,,-1,720000,9,98.0,2025-01-19 15:23:00.000,5.0,,2025-01-19 05:26:00.000,82800000,,,25200000,3,349,97.0,87,589,2,62900571,2025-01-19 05:26:00.000,,62900750,2025-01-19 15:47:28.422,2025-01-19 15:47:13.416,UTC-0800,wFVf8Jbtp/,,com.sec.android.app.shealth,2025-01-19 15:15:30.000,dfa69a5f-fb78-45b7-98d1-2f7ac4e45fc1,
,7.0,0,0,16,0,16,92,91,0,12,,,0,1080000,300000,0,8c2b4d24-872c-4fab-8294-d8c40ac6de7e,-1,480000,9,7.0,,48.0,,,82800000,,,25200000,0,76,82.0,18,92,2,62900571,2025-01-20 06:43:00.000,,62900750,2025-01-20 14:58:55.390,2025-01-20 08:25:03.212,UTC-0800,wFVf8Jbtp/,,com.sec.android.app.shealth,2025-01-20 08:15:00.000,7318345f-d37e-4abf-9482-a9046908b9e2,
,80.0,72,72,16,0,16,357,322,0,10,,,0,720000,1020000,64,8c2b4d24-872c-4fab-8294-d8c40ac6de7e,-1,900000,9,86.0,,13.0,,,82800000,,,25200000,3,205,95.0,77,357,2,62900571,2025-01-20 08:44:00.000,,62900750,2025-01-20 14:58:55.420,2025-01-20 14:58:43.217,UTC-0800,wFVf8Jbtp/,,com.sec.android.app.shealth,2025-01-20 14:41:00.000,31a708f3-a66e-4374-ad7d-8526fbf3465c,
,93.0,122,122,13,0,14,483,470,0,0,,,0,780000,300000,105,,-1,180000,9,98.0,2025-01-21 13:39:00.000,6.0,,2025-01-21 05:25:00.000,82800000,,,25200000,4,242,97.0,92,483,2,62900571,2025-01-21 05:25:00.000,,62900750,2025-01-21 13:44:35.976,2025-01-21 13:44:04.602,UTC-0800,wFVf8Jbtp/,,com.sec.android.app.shealth,2025-01-21 13:28:00.000,02c5756e-bd48-4a05-82d7-cfd1a5a20cf1,
,,,,,,,,,,,,,0,720000,360000,,,-1,3180000,9,,,,,,82800000,,,25200000,,,80.0,,,-1,62900571,2025-01-21 14:32:00.000,,62900750,2025-01-21 14:53:26.343,2025-01-21 14:53:23.191,UTC-0800,wFVf8Jbtp/,,com.sec.android.app.shealth,2025-01-21 14:47:00.000,fea5029d-8575-4434-828f-daa34329bcf7,
,96.0,59,123,11,0,23,513,134,0,8,,,0,780000,1560000,135,,-1,180000,9,98.0,2025-01-22 14:37:00.000,15.0,,2025-01-22 05:56:00.000,82800000,,,25200000,4,232,95.0,95,513,2,62900571,2025-01-22 05:56:00.000,,62900750,2025-01-22 15:05:58.841,2025-01-22 15:04:33.037,UTC-0800,wFVf8Jbtp/,,com.sec.android.app.shealth,2025-01-22 14:29:30.000,5770fa4b-fe8e-4824-b310-e2cd865ca350,
,95.0,104,104,7,0,10,470,455,0,0,,,0,840000,1440000,121,77d4cfdc-131c-430c-9572-ec86fd86ac43,-1,420000,9,97.0,2025-01-23 13:16:00.000,4.0,,2025-01-23 05:18:00.000,82800000,,,25200000,5,235,97.0,99,470,2,62900571,2025-01-23 05:18:00.000,,62900750,2025-01-23 16:46:02.657,2025-01-23 13:40:04.185,UTC-0800,wFVf8Jbtp/,,com.sec.android.app.shealth,2025-01-23 13:08:30.000,2db500fa-8f2f-4c45-90a1-93e16c9598b0,
,26.0,20,20,2,0,8,118,73,0,0,,,0,1020000,720000,11,77d4cfdc-131c-430c-9572-ec86fd86ac43,-1,1500000,9,19.0,,10.0,,,82800000,,,25200000,1,79,93.0,52,118,2,62900571,2025-01-23 13:41:00.000,,62900750,2025-01-23 16:46:02.672,2025-01-23 15:51:32.199,UTC-0800,wFVf8Jbtp/,,com.sec.android.app.shealth,2025-01-23 15:39:00.000,7b7d0695-ba7c-4008-b72b-b07a3e26dda6,
,95.0,61,83,6,0,39,562,213,0,28,,,0,1080000,960000,125,,-1,300000,9,96.0,2025-01-24 14:03:00.000,15.0,,2025-01-24 04:34:00.000,82800000,,,25200000,5,315,92.0,82,562,2,62900571,2025-01-24 04:34:00.000,,62900750,2025-01-24 14:19:23.793,2025-01-24 14:19:01.315,UTC-0800,wFVf8Jbtp/,,com.sec.android.app.shealth,2025-01-24 13:56:30.000,7d77cd36-7108-419b-8d78-2256d5c1de21,
,56.0,20,20,2,0,3,115,113,0,0,,,0,1200000,420000,21,,-1,960000,9,18.0,2025-01-25 05:44:00.000,4.0,,2025-01-25 03:44:00.000,82800000,,,25200000,1,71,97.0,57,115,2,62900571,2025-01-25 03:44:00.000,,62900750,2025-01-25 15:36:28.789,2025-01-25 05:51:12.156,UTC-0800,wFVf8Jbtp/,,com.sec.android.app.shealth,2025-01-25 05:39:00.000,eac58616-089d-44d4-b4b2-bd00df31890c,
,91.0,45,75,17,0,70,537,294,0,52,,,0,840000,420000,106,,-1,720000,9,93.0,2025-01-25 14:59:00.000,29.0,,2025-01-25 05:57:00.000,82800000,,,25200000,4,286,86.0,82,537,2,62900571,2025-01-25 05:57:00.000,,62900750,2025-01-25 15:36:33.703,2025-01-25 15:06:59.235,UTC-0800,wFVf8Jbtp/,,com.sec.android.app.shealth,2025-01-25 14:54:30.000,7d26cb71-3373-4a60-bb5b-4d600b14497b,
,90.0,57,57,3,1,40,460,327,0,33,,,0,840000,0,101,,-1,240000,9,84.0,2025-01-26 14:15:00.000,17.0,,2025-01-26 06:15:00.000,82800000,,,25200000,4,262,91.0,86,460,2,62900571,2025-01-26 06:15:00.000,,62900750,2025-01-26 14:16:01.499,2025-01-26 14:15:54.341,UTC-0800,wFVf8Jbtp/,,com.sec.android.app.shealth,2025-01-26 13:55:30.000,54993a49-7475-4a6a-8f7c-4e1794de7e9c,
,23.0,7,22,0,0,2,106,58,0,0,,,0,1020000,300000,8,,-1,480000,9,19.0,,3.0,,,82800000,,,25200000,1,74,98.0,53,106,2,62900571,2025-01-26 14:23:00.000,,62900750,2025-01-26 16:14:45.528,2025-01-26 16:14:40.387,UTC-0800,wFVf8Jbtp/,,com.sec.android.app.shealth,2025-01-26 16:09:00.000,81e1ea7d-ffec-4955-a5ed-4762ace6e589,
,97.0,54,54,16,4,18,558,554,0,3,,,0,840000,1380000,164,,-1,1140000,9,92.0,,7.0,,,82800000,,,25200000,6,322,96.0,85,558,2,62900571,2025-01-27 05:32:00.000,,62900750,2025-01-27 17:13:28.978,2025-01-27 15:13:09.434,UTC-0800,wFVf8Jbtp/,,com.sec.android.app.shealth,2025-01-27 14:50:00.000,4e5f21cf-dfae-4ed5-8a78-a7d067e4a5e2,
,96.0,69,86,9,2,19,492,206,0,3,,,0,900000,1140000,141,,-1,300000,9,96.0,2025-01-28 14:22:00.000,9.0,,2025-01-28 05:37:00.000,82800000,,,25200000,5,246,96.0,97,492,2,62900571,2025-01-28 05:37:00.000,,62900750,2025-01-28 14:41:19.470,2025-01-28 14:41:00.546,UTC-0800,wFVf8Jbtp/,,com.sec.android.app.shealth,2025-01-28 13:49:00.000,9bb06efa-f822-4121-a601-1b49f2c565b7,
,7.0,1,1,3,0,3,70,70,0,0,,,0,900000,1140000,0,,-1,60000,9,7.0,2025-01-28 23:48:00.000,9.0,,2025-01-28 22:29:00.000,82800000,,,25200000,0,66,95.0,34,70,2,62900571,2025-01-28 22:29:00.000,,62900750,2025-01-29 00:07:26.505,2025-01-29 00:07:20.531,UTC-0800,wFVf8Jbtp/,,com.sec.android.app.shealth,2025-01-28 23:39:30.000,884a85cd-88e0-49b8-b0db-da68209776e4,
,91.0,57,57,5,0,8,418,340,0,0,,,0,1200000,300000,91,,-1,600000,9,86.0,2025-01-29 14:39:00.000,4.0,,2025-01-29 06:55:00.000,82800000,,,25200000,3,262,97.0,89,418,2,62900571,2025-01-29 06:55:00.000,,62900750,2025-01-29 14:45:04.271,2025-01-29 14:44:50.293,UTC-0800,wFVf8Jbtp/,,com.sec.android.app.shealth,2025-01-29 13:53:00.000,fb56960a-65b8-4848-a019-ec16a8ba50b4,
,94.0,42,76,1,0,14,491,84,0,0,,,0,840000,1320000,111,,-1,240000,9,94.0,,5.0,,,82800000,,,25200000,4,290,97.0,97,491,2,62900571,2025-01-30 06:26:00.000,,62900750,2025-01-30 15:27:43.410,2025-01-30 14:59:50.423,UTC-0800,wFVf8Jbtp/,,com.sec.android.app.shealth,2025-01-30 14:37:00.000,59204f2b-9c8c-452d-bdaf-f0a58899140b,
,95.0,76,76,11,1,23,521,332,0,7,,,0,1200000,660000,128,,-1,840000,9,95.0,2025-01-31 15:00:00.000,9.0,,2025-01-31 06:06:00.000,82800000,,,25200000,5,294,95.0,86,521,2,62900571,2025-01-31 06:06:00.000,,62900750,2025-01-31 16:45:11.538,2025-01-31 15:15:01.018,UTC-0800,wFVf8Jbtp/,,com.sec.android.app.shealth,2025-01-31 14:47:00.000,47bee7c0-3946-481e-afbd-0f8d6a9fc005,
,65.0,17,28,2,0,6,138,92,0,0,,,0,900000,0,29,,-1,120000,9,27.0,2025-02-01 00:45:00.000,7.0,,2025-01-31 22:22:00.000,82800000,,,25200000,1,75,95.0,61,138,2,62900571,2025-01-31 22:22:00.000,,62900750,2025-02-01 00:45:35.056,2025-02-01 00:45:26.583,UTC-0800,wFVf8Jbtp/,,com.sec.android.app.shealth,2025-02-01 00:40:30.000,b54327d8-9516-49b3-bb28-82fe91aa3cc9,
,96.0,79,97,15,1,21,495,305,0,3,,,0,1200000,480000,137,,-1,2160000,9,97.0,2025-02-01 14:37:00.000,10.0,,2025-02-01 06:13:00.000,82800000,,,25200000,5,240,95.0,97,495,2,62900571,2025-02-01 06:13:00.000,,62900750,2025-02-01 14:46:48.419,2025-02-01 14:46:28.341,UTC-0800,wFVf8Jbtp/,,com.sec.android.app.shealth,2025-02-01 14:28:00.000,c045566f-4147-4f58-9944-c52c9262b31e,
,37.0,29,29,5,0,8,107,87,0,0,,,0,1020000,1440000,14,,-1,180000,9,24.0,,14.0,,,82800000,,,25200000,1,56,92.0,55,107,2,62900571,2025-02-02 00:19:00.000,,62900750,2025-02-02 02:30:43.846,2025-02-02 02:30:35.261,UTC-0800,wFVf8Jbtp/,,com.sec.android.app.shealth,2025-02-02 02:06:00.000,b03da8e8-5e72-4b7e-a20d-4e8b1731df20,
,96.0,61,70,12,0,20,550,255,0,3,,,0,1200000,1440000,144,,-1,600000,9,95.0,2025-02-02 15:26:00.000,9.0,,2025-02-02 06:07:00.000,82800000,,,25200000,5,316,96.0,88,550,2,62900571,2025-02-02 06:07:00.000,,62900750,2025-02-02 15:56:16.792,2025-02-02 15:54:59.187,UTC-0800,wFVf8Jbtp/,,com.sec.android.app.shealth,2025-02-02 15:17:30.000,b0fab5a4-179c-47c5-8067-28f68531bbb9,
,,,,,,,,,,,,,0,1200000,-1,,,,3180000,,,,,,,,,,,,,,,,,62900571,2025-02-03 06:06:00.000,,62900571,2025-02-03 15:35:36.777,2025-02-03 15:35:36.777,UTC-0800,wFVf8Jbtp/,,com.sec.android.app.shealth,2025-02-03 14:59:00.000,665560c1-6558-4a0e-97e9-b0256c93d995,
,14.0,0,15,0,0,27,121,21,0,16,,,0,900000,60000,7,,-1,240000,9,13.0,,38.0,,,82800000,,,25200000,2,72,77.0,31,121,2,62900571,2025-02-03 23:31:00.000,,62900750,2025-02-04 01:33:32.977,2025-02-04 01:33:21.356,UTC-0800,wFVf8Jbtp/,,com.sec.android.app.shealth,2025-02-04 01:32:00.000,8167aa40-21e8-4717-8915-0a77b769770a,
,95.0,31,73,2,1,19,446,86,0,4,,,0,840000,1740000,128,,-1,4800000,9,92.0,2025-02-04 14:29:00.000,8.0,,2025-02-04 06:58:00.000,82800000,,,25200000,5,226,95.0,96,446,2,62900571,2025-02-04 06:58:00.000,,62900750,2025-02-04 16:56:49.733,2025-02-04 14:58:18.241,UTC-0800,wFVf8Jbtp/,,com.sec.android.app.shealth,2025-02-04 14:24:00.000,4308e39f-ab44-4dcd-b2a7-9df601769e4f,
,85.0,61,76,9,1,33,437,246,0,18,,,0,1080000,180000,80,,-1,120000,9,91.0,2025-02-05 14:24:00.000,16.0,,2025-02-05 06:56:00.000,82800000,,,25200000,3,248,92.0,86,437,2,62900571,2025-02-05 06:56:00.000,,62900750,2025-02-05 14:27:25.603,2025-02-05 14:27:13.253,UTC-0800,wFVf8Jbtp/,,com.sec.android.app.shealth,2025-02-05 14:13:30.000,ebf5773b-949e-4c61-8db7-071c3993793c,
,82.0,44,44,10,0,51,341,289,0,43,,,0,900000,300000,75,,-1,1680000,9,60.0,2025-02-06 14:56:00.000,31.0,,2025-02-06 09:05:00.000,82800000,,,25200000,3,171,84.0,65,341,2,62900571,2025-02-06 09:05:00.000,,62900750,2025-02-06 15:02:10.002,2025-02-06 15:01:00.947,UTC-0800,wFVf8Jbtp/,,com.sec.android.app.shealth,2025-02-06 14:46:00.000,c55e67de-e1e9-4739-ac3b-77eacaff5f15,
,95.0,97,110,6,1,16,487,391,0,4,,,0,1200000,300000,124,,-1,1200000,9,97.0,,6.0,,,82800000,,,25200000,4,237,96.0,99,487,2,62900571,2025-02-07 07:26:00.000,,62910110,2025-02-07 15:38:38.375,2025-02-07 15:38:00.247,UTC-0800,wFVf8Jbtp/,,com.sec.android.app.shealth,2025-02-07 15:33:00.000,979af506-4fbb-4a1d-87e9-db1359f10aec,
,90.0,34,79,1,1,10,339,104,0,0,,,0,780000,480000,87,,-1,240000,9,89.0,2025-02-08 15:46:00.000,4.0,,2025-02-08 10:01:00.000,82800000,,,25200000,3,163,96.0,86,339,2,62900571,2025-02-08 10:01:00.000,,62910110,2025-02-08 15:54:26.735,2025-02-08 15:54:15.230,UTC-0800,wFVf8Jbtp/,,com.sec.android.app.shealth,2025-02-08 15:40:00.000,773acbaa-975e-4410-9e2e-90a5f0fef670,
,96.0,65,88,0,0,7,465,193,0,0,,,0,780000,480000,131,,-1,300000,9,95.0,2025-02-09 16:02:00.000,2.0,,2025-02-09 08:04:00.000,82800000,,,25200000,5,239,98.0,99,465,2,62900571,2025-02-09 08:04:00.000,,62920010,2025-02-09 16:10:39.480,2025-02-09 16:10:26.134,UTC-0800,wFVf8Jbtp/,,com.sec.android.app.shealth,2025-02-09 15:49:30.000,2102e492-e000-42d3-94aa-dfc3556f824d,
,82.0,80,89,5,0,8,314,211,0,0,,,0,1020000,0,63,,-1,180000,9,90.0,2025-02-10 14:20:00.000,5.0,,2025-02-10 08:47:00.000,82800000,,,25200000,3,154,97.0,76,314,2,62900571,2025-02-10 08:47:00.000,,62920010,2025-02-10 14:20:20.023,2025-02-10 14:20:05.571,UTC-0800,wFVf8Jbtp/,,com.sec.android.app.shealth,2025-02-10 14:01:00.000,9e0c5e8c-3c5b-46e7-b541-3485f19588f8,
,93.0,65,86,5,1,23,462,195,0,12,,,0,840000,720000,108,,-1,360000,9,94.0,2025-02-11 14:50:00.000,10.0,,2025-02-11 06:56:00.000,82800000,,,25200000,4,245,95.0,94,462,2,62900571,2025-02-11 06:56:00.000,,62920010,2025-02-11 15:02:25.089,2025-02-11 15:02:12.237,UTC-0800,wFVf8Jbtp/,,com.sec.android.app.shealth,2025-02-11 14:38:00.000,1813e63e-ee6c-46eb-9e16-29c55f5689c6,
,93.0,65,85,5,0,19,521,148,0,0,,,0,960000,300000,103,,-1,780000,9,96.0,2025-02-12 15:38:00.000,7.0,,2025-02-12 06:50:00.000,82800000,,,25200000,4,314,96.0,96,521,2,62910031,2025-02-12 06:50:00.000,,62920010,2025-02-12 15:43:49.744,2025-02-12 15:43:38.246,UTC-0800,wFVf8Jbtp/,,com.sec.android.app.shealth,2025-02-12 15:31:00.000,ac99024a-b8aa-4714-b0b8-7f34680a3bae,
,89.0,61,94,7,2,16,409,158,0,0,,,0,1020000,540000,87,,-1,2220000,9,95.0,2025-02-13 14:25:00.000,9.0,,2025-02-13 07:24:00.000,82800000,,,25200000,4,212,95.0,93,409,2,62910031,2025-02-13 07:24:00.000,,62920010,2025-02-13 14:34:29.558,2025-02-13 14:34:22.104,UTC-0800,wFVf8Jbtp/,,com.sec.android.app.shealth,2025-02-13 14:13:00.000,679ee3f1-c3a7-4f2c-a47f-7908fa7a63f6,
,75.0,13,13,4,0,8,107,79,0,0,,,0,780000,300000,29,,-1,600000,9,14.0,,14.0,,,82800000,,,25200000,1,57,92.0,58,107,2,62910031,2025-02-13 20:30:00.000,,62920010,2025-02-13 22:25:45.447,2025-02-13 22:22:53.316,UTC-0800,wFVf8Jbtp/,,com.sec.android.app.shealth,2025-02-13 22:17:00.000,bf189d52-86c3-40c4-885b-48fbff0eed05,
,96.0,61,112,3,2,35,553,173,0,20,,,0,1080000,1440000,145,,-1,120000,9,98.0,,12.0,,,82800000,,,25200000,6,261,93.0,92,553,2,62910031,2025-02-14 05:47:00.000,,62920010,2025-02-14 15:34:41.223,2025-02-14 15:24:24.571,UTC-0800,wFVf8Jbtp/,,com.sec.android.app.shealth,2025-02-14 15:00:00.000,ca6ce299-99c5-4b26-b03e-3889bad10ed2,
,95.0,113,159,4,3,18,557,220,0,6,,,0,900000,300000,116,,-1,840000,9,99.0,2025-02-15 15:44:00.000,6.0,,2025-02-15 06:15:00.000,82800000,,,25200000,6,264,96.0,89,557,2,62910031,2025-02-15 06:15:00.000,,62920010,2025-02-15 16:25:06.441,2025-02-15 15:49:42.204,UTC-0800,wFVf8Jbtp/,,com.sec.android.app.shealth,2025-02-15 15:32:00.000,63960077-b3dd-4241-a0f4-27ea7a4b59ac,
,92.0,60,96,13,1,24,506,197,0,0,,,0,1020000,1560000,101,,-1,420000,9,97.0,,12.0,,,82800000,,,25200000,4,285,95.0,94,506,2,62910031,2025-02-16 06:02:00.000,,62920010,2025-02-16 15:01:45.202,2025-02-16 15:00:16.205,UTC-0800,wFVf8Jbtp/,,com.sec.android.app.shealth,2025-02-16 14:28:00.000,9938f8b2-ed44-4258-bf47-4df8a4c419fc,
,92.0,47,70,2,0,10,421,104,0,0,,,0,780000,300000,100,,-1,240000,9,90.0,2025-02-17 14:08:00.000,4.0,,2025-02-17 06:56:00.000,82800000,,,25200000,4,241,97.0,95,421,2,62910031,2025-02-17 06:56:00.000,,62920010,2025-02-17 14:13:56.323,2025-02-17 14:13:10.213,UTC-0800,wFVf8Jbtp/,,com.sec.android.app.shealth,2025-02-17 13:57:30.000,2eaea68f-ae9f-4171-b5e0-5ef20dec89d7,
,92.0,28,62,3,1,28,469,91,0,14,,,0,960000,720000,108,,-1,360000,9,89.0,2025-02-18 14:41:00.000,12.0,,2025-02-18 06:38:00.000,82800000,,,25200000,5,271,94.0,85,469,2,62910031,2025-02-18 06:38:00.000,,62920010,2025-02-18 14:54:17.953,2025-02-18 14:53:28.400,UTC-0800,wFVf8Jbtp/,,com.sec.android.app.shealth,2025-02-18 14:27:30.000,73de44db-1982-45d0-a459-177332217e4b,
,93.0,42,76,11,0,15,442,222,0,0,,,0,1200000,300000,106,,-1,2040000,9,93.0,2025-02-19 13:33:00.000,8.0,,2025-02-19 06:06:00.000,82800000,,,25200000,4,245,96.0,92,442,2,62910031,2025-02-19 06:06:00.000,,62920010,2025-02-19 13:39:05.923,2025-02-19 13:38:27.506,UTC-0800,wFVf8Jbtp/,,com.sec.android.app.shealth,2025-02-19 13:28:30.000,146e804c-13da-4ccd-8fd3-d205e99a0d2a,
,97.0,52,75,2,0,8,483,157,0,0,,,0,960000,0,158,,-1,1200000,9,94.0,2025-02-20 14:36:00.000,3.0,,2025-02-20 06:27:00.000,82800000,,,25200000,5,242,98.0,97,483,2,62910031,2025-02-20 06:27:00.000,,62920010,2025-02-20 14:37:19.994,2025-02-20 14:36:25.480,UTC-0800,wFVf8Jbtp/,,com.sec.android.app.shealth,2025-02-20 14:30:30.000,ae227ccd-fb1b-4c8a-b3eb-912e0e44b205,
,96.0,135,143,7,0,18,530,364,0,6,,,0,780000,540000,134,,-1,120000,9,99.0,2025-02-21 15:02:00.000,7.0,,2025-02-21 06:03:00.000,82800000,,,25200000,4,235,96.0,95,530,2,62910031,2025-02-21 06:03:00.000,,62920010,2025-02-21 17:00:31.927,2025-02-21 15:11:51.215,UTC-0800,wFVf8Jbtp/,,com.sec.android.app.shealth,2025-02-21 14:53:00.000,ace517d9-d1c0-4f21-9ad1-762903676bf1,
,31.0,17,17,6,0,11,144,92,0,3,,,0,960000,1440000,15,,-1,660000,9,18.0,2025-02-22 00:35:00.000,17.0,,2025-02-21 22:06:00.000,82800000,,,25200000,1,101,92.0,49,144,2,62910031,2025-02-21 22:06:00.000,,62920010,2025-02-22 01:07:11.326,2025-02-22 00:59:40.222,UTC-0800,wFVf8Jbtp/,,com.sec.android.app.shealth,2025-02-22 00:30:00.000,123b4610-f146-49a2-87d4-5fa6a98e294b,
,96.0,88,88,12,0,14,475,443,0,0,,,0,900000,420000,140,,-1,420000,9,96.0,2025-02-22 14:57:00.000,6.0,,2025-02-22 06:57:00.000,82800000,,,25200000,4,233,97.0,97,475,2,62910031,2025-02-22 06:57:00.000,,62920010,2025-02-22 15:05:09.709,2025-02-22 15:04:35.205,UTC-0800,wFVf8Jbtp/,,com.sec.android.app.shealth,2025-02-22 14:52:30.000,1df2f88e-0f1e-4988-b10e-1ec37d37dd49,
,25.0,17,17,7,0,8,111,79,0,5,,,0,1200000,840000,10,,-1,600000,9,15.0,,21.0,,,82800000,,,25200000,1,76,92.0,48,111,2,62910031,2025-02-22 23:09:00.000,,62920010,2025-02-23 01:15:05.036,2025-02-23 01:14:59.258,UTC-0800,wFVf8Jbtp/,,com.sec.android.app.shealth,2025-02-23 01:00:00.000,e8e6076b-0e89-4de6-877d-97938f77cd5d,
,90.0,63,74,35,1,44,457,362,0,28,,,0,1200000,300000,99,,-1,900000,9,90.0,2025-02-23 14:32:00.000,26.0,,2025-02-23 06:50:00.000,82800000,,,25200000,3,240,90.0,90,457,2,62910031,2025-02-23 06:50:00.000,,62920010,2025-02-23 14:37:43.910,2025-02-23 14:37:31.300,UTC-0800,wFVf8Jbtp/,,com.sec.android.app.shealth,2025-02-23 14:27:30.000,7fbb9363-cd1d-4e56-b202-3181040f58c9,
,91.0,68,74,22,0,34,478,271,0,18,,,0,1140000,0,101,,-1,2880000,9,92.0,2025-02-24 14:21:00.000,19.0,,2025-02-24 06:02:00.000,82800000,,,25200000,4,269,92.0,90,478,2,62910031,2025-02-24 06:02:00.000,,62930070,2025-02-24 14:21:52.095,2025-02-24 14:21:45.733,UTC-0800,wFVf8Jbtp/,,com.sec.android.app.shealth,2025-02-24 14:00:30.000,f0f39033-2cd8-4671-816e-e760721e662f,
,86.0,30,30,12,0,17,369,301,0,7,,,0,1080000,480000,76,,-1,2820000,9,59.0,2025-02-25 14:53:00.000,11.0,,2025-02-25 08:34:00.000,82800000,,,25200000,4,246,95.0,73,369,2,62910031,2025-02-25 08:34:00.000,,62930070,2025-02-25 15:01:39.393,2025-02-25 15:01:28.258,UTC-0800,wFVf8Jbtp/,,com.sec.android.app.shealth,2025-02-25 14:43:30.000,2c7cd09a-ca34-4732-8b10-e02bec06644a,
,88.0,63,66,4,1,20,441,281,0,11,,,0,840000,360000,84,,-1,300000,9,89.0,2025-02-26 14:29:00.000,9.0,,2025-02-26 06:36:00.000,82800000,,,25200000,4,271,95.0,94,441,2,62910031,2025-02-26 06:36:00.000,,62930070,2025-02-26 14:37:15.349,2025-02-26 14:35:27.465,UTC-0800,wFVf8Jbtp/,,com.sec.android.app.shealth,2025-02-26 13:57:00.000,d9a3a4cb-bbb3-44ad-bac1-9a1aaac979c1,
,51.0,25,33,6,0,11,109,82,0,4,,,0,780000,600000,20,,-1,300000,9,26.0,,22.0,,,82800000,,,25200000,1,45,89.0,51,109,2,62910031,2025-02-26 21:02:00.000,,62930070,2025-02-26 23:01:23.460,2025-02-26 23:01:18.303,UTC-0800,wFVf8Jbtp/,,com.sec.android.app.shealth,2025-02-26 22:51:00.000,896b95a2-4fce-46d0-984a-c09813ebe2f7,
,85.0,11,62,9,0,20,401,96,0,4,,,0,840000,1500000,77,,-1,2400000,9,86.0,,16.0,,,82800000,,,25200000,3,242,94.0,85,401,2,62910031,2025-02-27 07:51:00.000,,62930070,2025-02-27 14:58:33.920,2025-02-27 14:57:42.570,UTC-0800,wFVf8Jbtp/,,com.sec.android.app.shealth,2025-02-27 14:32:00.000,cc8083ac-828c-4ac5-ae36-8c186ea65cf3,
,90.0,38,74,2,0,10,377,81,0,0,,,0,900000,1080000,86,,-1,180000,9,89.0,2025-02-28 12:45:00.000,5.0,,2025-02-28 06:21:00.000,82800000,,,25200000,4,207,97.0,88,377,2,62910031,2025-02-28 06:21:00.000,,62930070,2025-02-28 13:05:15.323,2025-02-28 13:03:56.533,UTC-0800,wFVf8Jbtp/,,com.sec.android.app.shealth,2025-02-28 12:38:00.000,90a57793-9762-4018-8e0f-0ba0e59c3d00,
,94.0,86,86,6,0,20,495,390,0,9,,,0,840000,720000,114,,-1,540000,9,95.0,2025-03-01 15:05:00.000,7.0,,2025-03-01 06:39:00.000,82800000,,,25200000,4,275,95.0,94,495,2,62910031,2025-03-01 06:39:00.000,,62930070,2025-03-01 16:06:39.238,2025-03-01 15:17:46.260,UTC-0800,wFVf8Jbtp/,,com.sec.android.app.shealth,2025-03-01 14:54:30.000,0f63fdb1-977a-4ffc-b177-cc00868df200,
,97.0,64,64,6,1,10,493,338,0,0,,,0,1020000,0,155,,-1,120000,9,92.0,2025-03-02 15:07:00.000,4.0,,2025-03-02 06:47:00.000,82800000,,,25200000,5,264,97.0,91,493,2,62910031,2025-03-02 06:47:00.000,,62930070,2025-03-02 15:07:38.843,2025-03-02 15:07:29.103,UTC-0800,wFVf8Jbtp/,,com.sec.android.app.shealth,2025-03-02 15:00:00.000,0ecca08b-57a9-4a26-b714-a3afeaf6f02f,
,73.0,31,31,2,0,4,113,110,0,0,,,0,1200000,300000,29,,-1,1620000,9,26.0,,6.0,,,82800000,,,25200000,1,49,96.0,64,113,2,62910031,2025-03-02 23:57:00.000,,62930070,2025-03-03 01:55:29.194,2025-03-03 01:55:24.300,UTC-0800,wFVf8Jbtp/,,com.sec.android.app.shealth,2025-03-03 01:50:00.000,21521f9f-809a-4297-bcf4-db42398bd2d1,
,78.0,46,46,6,0,16,309,127,0,0,,,0,1020000,1320000,59,,-1,2220000,9,68.0,,10.0,,,82800000,,,25200000,2,188,94.0,74,309,2,62910031,2025-03-03 09:22:00.000,,62930070,2025-03-03 14:53:57.451,2025-03-03 14:53:40.229,UTC-0800,wFVf8Jbtp/,,com.sec.android.app.shealth,2025-03-03 14:31:00.000,7f7838a8-38ea-4b7f-af09-3e0e3a49dbe0,
,95.0,72,72,9,0,12,446,351,0,0,,,0,900000,0,124,,-1,3000000,9,92.0,,5.0,,,82800000,,,25200000,5,238,97.0,97,446,2,62910031,2025-03-04 07:40:00.000,,62930070,2025-03-04 15:06:17.593,2025-03-04 15:06:04.336,UTC-0800,wFVf8Jbtp/,,com.sec.android.app.shealth,2025-03-04 15:06:00.000,7e41c72a-0cb3-458e-ad47-a1876b215db6,
,96.0,86,93,3,0,24,512,290,0,16,,,0,1020000,840000,136,,-1,1260000,9,96.0,2025-03-05 14:34:00.000,9.0,,2025-03-05 05:55:00.000,82800000,,,25200000,5,259,95.0,95,512,2,62910031,2025-03-05 05:55:00.000,,62930070,2025-03-05 14:48:51.919,2025-03-05 14:48:42.289,UTC-0800,wFVf8Jbtp/,,com.sec.android.app.shealth,2025-03-05 14:27:00.000,6376f03d-2160-4d25-830b-cbae977993f8,
,98.0,55,102,9,1,29,671,175,0,9,,,0,900000,1500000,177,,-1,1260000,9,99.0,2025-03-06 15:48:00.000,11.0,,2025-03-06 04:31:00.000,82800000,,,25200000,6,363,95.0,74,671,2,62910031,2025-03-06 04:31:00.000,,62930070,2025-03-06 16:16:30.720,2025-03-06 16:13:30.253,UTC-0800,wFVf8Jbtp/,,com.sec.android.app.shealth,2025-03-06 15:42:30.000,e83ae139-456a-4696-8199-83d47d1ffacf,
,64.0,38,60,5,0,15,277,164,0,3,,,0,1200000,300000,41,,-1,4680000,9,74.0,2025-03-07 14:38:00.000,10.0,,2025-03-07 09:55:00.000,82800000,,,25200000,2,161,94.0,64,277,2,62910031,2025-03-07 09:55:00.000,,62930070,2025-03-07 14:44:05.946,2025-03-07 14:43:59.346,UTC-0800,wFVf8Jbtp/,,com.sec.android.app.shealth,2025-03-07 14:32:30.000,9fb97495-013a-4421-ac22-e9af4cbdc2ff,
,75.0,39,39,6,0,6,305,304,0,0,,,0,900000,0,51,d0a52247-d3bf-42ac-b5f2-08cc3efc9a6f,-1,1020000,9,61.0,,4.0,,,82800000,,,25200000,3,209,97.0,65,305,2,62910031,2025-03-08 08:03:00.000,,62930070,2025-03-08 15:27:20.778,2025-03-08 13:08:58.737,UTC-0800,wFVf8Jbtp/,,com.sec.android.app.shealth,2025-03-08 13:08:00.000,5a0cfdcd-cef7-4f9f-95ca-b0436ae8c780,
,8.0,22,22,7,0,7,99,98,0,3,,,0,1020000,720000,0,d0a52247-d3bf-42ac-b5f2-08cc3efc9a6f,-1,1020000,9,18.0,2025-03-08 15:15:00.000,17.0,,2025-03-08 13:25:00.000,82800000,,,25200000,0,70,92.0,43,99,2,62910031,2025-03-08 13:25:00.000,,62930070,2025-03-08 15:27:20.827,2025-03-08 15:27:15.265,UTC-0800,wFVf8Jbtp/,,com.sec.android.app.shealth,2025-03-08 15:04:00.000,c9dda86b-5924-497d-8e01-c08c9da15a9f,
,32.0,34,34,85,1,85,248,199,0,82,,,0,840000,420000,23,,-1,1860000,9,34.0,,100.0,,,82800000,,,25200000,1,106,65.0,39,248,2,62910031,2025-03-09 07:10:00.000,,62930070,2025-03-09 12:28:14.886,2025-03-09 12:26:38.231,UTC-0700,wFVf8Jbtp/,,com.sec.android.app.shealth,2025-03-09 12:18:00.000,ba943042-03ac-42fe-9d3b-cf0d031bfd8c,
